inflation,household_0,household_1,household_2,household_3,household_4,household_5,household_6,household_7,household_8,household_9,household_10,household_11,household_12,household_13,household_14,household_15,household_16,household_17,household_18,household_19,household_20,household_21,household_22,household_23,household_24,household_25,household_26,household_27,household_28,household_29,household_30,household_31,household_32,household_33,household_34,household_35,household_36,household_37,household_38,household_39,household_40,household_41,household_42,household_43,household_44,household_45,household_46,household_47,household_48,household_49,household_50,household_51,household_52,household_53,household_54,household_55,household_56,household_57,household_58,household_59,household_60,household_61,household_62,household_63,household_64,household_65,household_66,household_67,household_68,household_69,household_70,household_71,household_72,household_73,household_74,household_75,household_76,household_77,household_78,household_79,household_80,household_81,household_82,household_83,household_84,household_85,household_86,household_87,household_88,household_89,household_90,household_91,household_92,household_93,household_94,household_95,household_96,household_97,household_98,household_99
0.0,60.0,0.0,0.0,60.0,60.0,0.0,0.0,0.0,0.0,0.0,60.0,0.0,0.0,60.0,60.0,0.0,60.0,0.0,0.0,60.0,0.0,0.0,60.0,60.0,60.0,0.0,0.0,60.0,0.0,0.0,60.0,0.0,0.0,60.0,60.0,60.0,60.0,60.0,0.0,60.0,0.0,60.0,0.0,0.0,60.0,0.0,60.0,0.0,60.0,60.0,60.0,0.0,0.0,0.0,60.0,0.0,60.0,0.0,60.0,60.0,0.0,60.0,0.0,0.0,60.0,60.0,60.0,60.0,0.0,0.0,0.0,0.0,60.0,0.0,60.0,60.0,0.0,60.0,0.0,60.0,60.0,60.0,60.0,0.0,0.0,60.0,0.0,60.0,60.0,0.0,60.0,0.0,0.0,0.0,0.0,60.0,0.0,0.0,60.0,0.0
0.05449999999999978,59.519999999999996,0.0,0.0,59.519999999999996,59.519999999999996,0.0,60.0,0.0,0.0,0.0,-0.47999999999999987,60.0,0.0,-0.47999999999999987,59.519999999999996,60.0,-0.47999999999999987,60.0,60.0,-0.47999999999999987,0.0,60.0,59.519999999999996,-0.47999999999999987,-0.47999999999999987,0.0,0.0,59.519999999999996,0.0,60.0,59.519999999999996,0.0,0.0,-0.47999999999999987,-0.47999999999999987,-0.47999999999999987,59.519999999999996,59.519999999999996,60.0,59.519999999999996,60.0,59.519999999999996,0.0,0.0,59.519999999999996,60.0,-0.47999999999999987,60.0,-0.47999999999999987,-0.47999999999999987,59.519999999999996,60.0,60.0,0.0,-0.47999999999999987,60.0,-0.47999999999999987,0.0,59.519999999999996,-0.47999999999999987,60.0,59.519999999999996,60.0,0.0,-0.47999999999999987,-0.47999999999999987,59.519999999999996,-0.47999999999999987,60.0,60.0,60.0,0.0,59.519999999999996,60.0,-0.47999999999999987,59.519999999999996,60.0,-0.47999999999999987,60.0,-0.47999999999999987,59.519999999999996,59.519999999999996,59.519999999999996,0.0,0.0,-0.47999999999999987,60.0,59.519999999999996,-0.47999999999999987,60.0,-0.47999999999999987,60.0,60.0,60.0,0.0,-0.47999999999999987,0.0,60.0,59.519999999999996,0.0
0.05204313260629039,1.4701439999999923,0.0,0.0,1.4701439999999923,61.47014399999999,0.0,61.481999999999985,0.0,0.0,0.0,59.988144,61.481999999999985,60.0,-0.011855999999999936,61.47014399999999,61.481999999999985,-0.011855999999999936,61.481999999999985,1.481999999999992,-0.011855999999999936,0.0,61.481999999999985,1.4701439999999923,-0.011855999999999936,59.988144,0.0,60.0,1.4701439999999923,60.0,61.481999999999985,1.4701439999999923,0.0,60.0,-0.011855999999999936,-0.011855999999999936,-0.011855999999999936,1.4701439999999923,61.47014399999999,61.481999999999985,1.4701439999999923,61.481999999999985,61.47014399999999,0.0,60.0,1.4701439999999923,1.481999999999992,-0.011855999999999936,61.481999999999985,59.988144,-0.011855999999999936,61.47014399999999,61.481999999999985,1.481999999999992,0.0,-0.011855999999999936,61.481999999999985,-0.011855999999999936,0.0,61.47014399999999,-0.011855999999999936,61.481999999999985,1.4701439999999923,61.481999999999985,60.0,59.988144,-0.011855999999999936,61.47014399999999,59.988144,61.481999999999985,61.481999999999985,61.481999999999985,60.0,1.4701439999999923,61.481999999999985,59.988144,61.47014399999999,1.481999999999992,-0.011855999999999936,61.481999999999985,59.988144,1.4701439999999923,1.4701439999999923,61.47014399999999,60.0,60.0,59.988144,1.481999999999992,61.47014399999999,59.988144,61.481999999999985,59.988144,61.481999999999985,1.481999999999992,1.481999999999992,0.0,-0.011855999999999936,60.0,1.481999999999992,61.47014399999999,60.0
-0.13170711308260996,60.034145387485395,0.0,0.0,60.034145387485395,61.42769816131185,0.0,1.4279735273399679,60.0,0.0,60.0,1.393277407798346,1.4279735273399679,61.39355277382644,-0.0002753660281081059,61.42769816131185,1.4279735273399679,59.999724633971894,1.4279735273399679,0.03442075351351324,59.999724633971894,60.0,1.4279735273399679,0.03414538748540513,-0.0002753660281081059,1.393277407798346,0.0,1.3935527738264544,0.03414538748540513,1.3935527738264544,1.4279735273399679,0.03414538748540513,0.0,61.39355277382644,59.999724633971894,-0.0002753660281081059,59.999724633971894,60.034145387485395,1.4276981613118596,1.4279735273399679,0.03414538748540513,1.4279735273399679,1.4276981613118596,60.0,1.3935527738264544,60.034145387485395,0.03442075351351324,-0.0002753660281081059,1.4279735273399679,61.39327740779834,-0.0002753660281081059,61.42769816131185,61.42797352733997,60.03442075351351,0.0,-0.0002753660281081059,1.4279735273399679,-0.0002753660281081059,60.0,61.42769816131185,-0.0002753660281081059,1.4279735273399679,0.03414538748540513,61.42797352733997,1.3935527738264544,1.393277407798346,59.999724633971894,1.4276981613118596,61.39327740779834,1.4279735273399679,61.42797352733997,61.42797352733997,61.39355277382644,60.034145387485395,61.42797352733997,61.39327740779834,1.4276981613118596,0.03442075351351324,59.999724633971894,61.42797352733997,61.39327740779834,60.034145387485395,0.03414538748540513,1.4276981613118596,1.3935527738264544,61.39355277382644,61.39327740779834,60.03442075351351,61.42769816131185,61.39327740779834,1.4279735273399679,1.393277407798346,61.42797352733997,0.03442075351351324,0.03442075351351324,60.0,59.999724633971894,1.3935527738264544,60.03442075351351,61.42769816131185,1.3935527738264544
0.05924924998123458,54.77557245167968,0.0,60.0,54.77557245167968,-5.345700458172295,60.0,-0.12426835072532283,-5.221456070973958,0.0,54.77854392902604,-0.12124894632499222,59.875731649274684,54.65727101917406,2.3963526986750913e-05,54.65429954182771,59.875731649274684,54.778567892553035,59.875731649274684,59.99700455912666,-5.221432107446972,54.77854392902604,59.875731649274684,-0.002971477346357115,60.000023963526985,59.878751053675,0.0,59.87872709014802,59.997028522653636,-0.12127290985197899,59.875731649274684,59.997028522653636,0.0,-5.342728980825935,54.778567892553035,2.3963526986750913e-05,54.778567892553035,-5.224427548320315,59.87575561280166,-0.12426835072532283,-0.002971477346357115,59.875731649274684,59.87575561280166,54.77854392902604,59.87872709014802,54.77557245167968,59.99700455912666,2.3963526986750913e-05,59.875731649274684,-5.342705017298949,60.000023963526985,-5.345700458172295,-5.345724421699281,-5.224451511847302,0.0,2.3963526986750913e-05,-0.12426835072532283,60.000023963526985,-5.221456070973958,54.65429954182771,2.3963526986750913e-05,59.875731649274684,59.997028522653636,54.65427557830073,59.87872709014802,-0.12124894632499222,-5.221432107446972,-0.12424438719833611,54.657294982701046,-0.12426835072532283,-5.345724421699281,-5.345724421699281,54.65727101917406,54.77557245167968,-5.345724421699281,54.657294982701046,59.87575561280166,-0.0029954408733438654,54.778567892553035,-5.345724421699281,54.657294982701046,-5.224427548320315,59.997028522653636,59.87575561280166,-0.12127290985197899,-5.342728980825935,-5.342705017298949,54.775548488152694,-5.345700458172295,54.657294982701046,-0.12426835072532283,59.878751053675,-5.345724421699281,-0.0029954408733438654,59.99700455912666,54.77854392902604,-5.221432107446972,-0.12127290985197899,-5.224451511847302,54.65429954182771,59.87872709014802
0.21179634456436844,61.50904237141944,0.0,61.65297299932443,61.50904237141944,59.85272835800274,61.65297299932443,-0.0034235371403256495,-0.1438487650413109,60.0,61.509124234283135,59.996659646092134,1.6495494621841194,61.50578322019089,6.601843846280323e-07,61.50570135732718,61.64954946218411,61.509124894467526,61.64954946218411,61.652890476276376,-0.14384810485692626,61.509124234283135,61.64954946218411,-8.186286369387602e-05,61.65297365950883,1.6496326454165826,0.0,61.6496319852322,1.6528911364607508,-0.0033410140922471446,1.6495494621841194,1.6528911364607508,0.0,-0.14718977913355805,61.509124894467526,6.601843846280323e-07,61.509124894467526,-0.14393062790500474,61.6495501223685,-0.0034235371403256495,59.999918137136305,1.6495494621841194,61.6495501223685,1.509124234283134,1.6496319852321975,1.50904237141944,61.652890476276376,60.000000660184384,61.64954946218411,59.85281088105083,61.65297365950883,59.85272835800274,59.852727697818366,-0.14393128808938938,60.0,6.601843846280323e-07,-0.0034235371403256495,61.65297365950883,-0.1438487650413109,61.50570135732718,60.000000660184384,61.64954946218411,1.6528911364607508,61.505700697142814,61.6496319852322,-0.003340353907862517,-0.14384810485692626,-0.0034228769559410217,1.5057838803752717,59.99657646285968,59.852727697818366,-0.14727230218163656,61.50578322019089,1.50904237141944,59.852727697818366,61.50578388037526,1.6495501223685038,59.999917476951914,61.509124894467526,59.852727697818366,1.5057838803752717,-0.14393062790500474,61.652891136460745,1.6495501223685038,59.99665898590774,-0.14718977913355805,59.85281088105083,61.50904171123506,59.85272835800274,1.5057838803752717,59.99657646285968,61.649632645416574,59.852727697818366,59.999917476951914,1.6528904762763665,1.509124234283134,-0.14384810485692626,59.99665898590774,59.856068711910616,61.50570135732718,61.6496319852322
-0.004753099135844404,7.324361860181538,60.0,67.34150080367498,67.32436186018154,67.12713162019342,67.34150080367498,-0.0004076672939581891,-0.017129195443178532,7.144668404317264,67.3243716082318,67.14427064230019,60.196424732063754,7.323973767601414,60.00000007861331,7.323964019551152,7.341093136381023,7.32437168684511,67.34109313638102,67.3414909770114,-0.017129116829869968,67.3243716082318,67.34109313638102,59.99999025194974,7.3415008822882895,60.19643463734063,60.0,7.341102963044591,60.19682265130745,59.99960215936961,0.19642473206375688,0.19682265130745305,60.0,-0.017527036073566152,67.32437168684511,7.861330856459232e-08,7.32437168684511,-0.017138943493440542,67.34109321499433,59.99959233270603,7.144658656267004,60.196424732063754,67.34109321499433,0.17970320391453654,0.1964345587273275,60.179693455864275,7.341490977011409,7.144668482930571,67.34109313638102,67.12714144685701,7.3415008822882895,67.12713162019342,7.127131541580128,-0.017139022106749103,7.144668404317264,60.00000007861331,-0.0004076672939581891,7.3415008822882895,-0.017129195443178532,67.32396401955116,7.144668482930571,7.341093136381023,60.19682265130745,67.32396394093784,7.341102963044591,59.99960223798292,59.982870883170136,59.99959241131934,0.17930544189745748,7.144260737023308,67.12713154158014,-0.01753686273713672,7.323973767601414,60.179693455864275,7.127131541580128,67.32397384621471,0.1964248106770654,7.144658577653694,67.32437168684511,7.127131541580128,60.179305441897455,-0.017138943493440542,7.341491055624718,60.19642481067706,7.144270563686877,59.98247296392643,67.12714144685701,67.32436178156823,67.12713162019342,60.179305441897455,67.1442607370233,7.341103041657901,7.127131541580128,7.144658577653694,60.196822572694145,60.17970320391453,-0.017129116829869968,67.14427056368687,7.127529382210515,67.32396401955116,67.34110296304459
-0.19821785801086517,59.9205170543016,-0.6511115688903986,59.269219496004744,-0.7305945145887952,-0.7284541997389408,-0.7307805039952476,4.423948189240331e-06,0.00018588362198063732,59.9224670624344,59.26940537962674,59.27135981000151,59.34675685751856,-0.07947873417225135,-0.651111569743499,-0.07947862838777967,59.920335488843335,-0.07948305233596892,-0.7307760800470583,59.26921960264233,60.000185882768875,-0.7305946203732668,59.26922391995295,-0.6511114631059269,-0.07966893595794955,59.346756750027886,59.3488884311096,59.92033538220577,-0.6532474606451647,59.34889274842021,-0.0021315735910484826,-0.0021358917547660604,59.3488884311096,0.00019020093259763775,59.26940537877363,59.999999999146894,-0.07948305233596892,60.00018598940646,59.26922391909984,-0.6511071449422093,-0.0775328317811396,-0.6532431424814472,59.26922391909984,59.99804988608275,59.99786831977138,-0.653061577023184,-0.07966882846727673,59.92246706158129,-0.7307760800470583,-0.7284543063765129,59.920331064042045,-0.7284541997389408,-0.07734262999544136,0.00018599025955287726,-0.07753293756561125,-0.651111569743499,4.423948189240331e-06,59.920331064042045,60.00018588362198,59.269409802721825,-0.07753293841871182,-0.07966451115665972,59.34675253935484,-0.7305901964250776,-0.07966461779423199,-0.6511072524328823,-0.6509256861215187,-0.6511071457953099,59.99805420254026,-0.07752851361742201,-0.7284541988858397,60.000190307570165,-0.07947873417225135,-0.653061577023184,59.922657370004565,59.269409696084246,59.99786842555585,-0.07753283092803902,59.26940537877363,-0.07734262999544136,59.34694263364986,0.00018598940645229935,59.92033117067962,59.34675685666545,59.92247137974499,-0.6509213679578011,59.27154569362349,59.269405486264304,59.27154580026105,59.34694263364986,59.27135991749218,-0.07966461864733256,59.922657370004565,59.92246716907196,-0.653247459792064,-0.6530616828076556,0.00018588276888005945,59.27135981085461,59.92265305269394,59.269409802721825,-0.7307761866846305
-0.09228073564482132,-7.605754061278722,60.08264605685805,52.47691560334764,0.09273488397047763,60.092463212276684,0.09275849173878507,59.999999438465096,-2.3594341008827077e-05,52.39399842279511,52.47689200900662,-7.52335606823788,52.46707373062648,60.010088292540395,0.08264605696633706,0.010088279113102576,52.39426898495467,0.010088840648008501,0.0927579302038791,-7.523084410187943,52.38413351737613,60.092734897397776,52.47691504181273,0.08264604343075381,0.01011243498901733,52.467073744270365,52.46680316846691,52.39426899849027,0.08291716712523417,52.46680262046758,0.00027056215957448266,0.0002711102671818064,52.46680316846691,59.99997585765967,52.476892009114906,52.38415711171713,60.010088840647995,52.38413350384055,52.476915041921,60.08264549532315,60.00984129775894,0.08291661901762688,52.476915041921,-7.615595359037673,52.38442768730401,60.082893572784236,0.010112421345149392,-7.60600157709661,60.09275793020388,60.09246322581226,-7.6057304534021295,0.09246321227667456,60.009817155310344,-2.3607876592096724e-05,0.009841311186252255,0.08264605696633706,59.999999438465096,-7.6057304534021295,52.38413351726784,-7.523108552419991,0.009841311294536918,60.010111873345835,-7.5329257212659115,60.09273433586287,0.01011188688141001,0.08264550896701443,60.082622462625324,60.08264549543142,52.38440409307128,0.009840749651346327,60.0924632121684,-7.61586704426706,0.010088292540401179,0.08289357278422538,52.39397426691919,-7.523108538884408,-7.615572326123287,0.009841297650668986,-7.5231079908850855,60.009817155310344,-7.5329498500706595,-2.3607768307430568e-05,-7.605730466937713,-7.532926269265234,52.39399787479579,0.08262191451772093,52.47662033742112,-7.523108004528954,-7.523379676114471,-7.5329498500706595,52.47664391811825,60.01011188698969,52.39397426691919,-7.606001590740477,0.08291716701694955,0.08289358621152397,-2.359423272416093e-05,52.47664393165384,52.39397481491851,52.47689144758,0.09275794373946242
0.19277599932581352,60.48196478043526,-3.807343635023435,-3.3253803505756547,-0.005876465059403517,-3.8079657328611667,59.99412203895311,56.197893552370026,60.00000149513662,-3.3201260180798453,56.67462114456096,0.47674334804285634,56.675243313559015,-3.802745762588108,59.99476284818328,59.99936072147633,56.679856836817805,59.99936068589273,59.994122074536705,0.47672613349564175,-3.319500894399016,-3.807982949123838,56.67461968500793,59.994762849041,-0.0006408092438803083,-3.324756687305577,56.675260458661356,56.679856835960074,59.994745668355066,-3.324739506612774,-1.7145102350506738e-05,59.99998282016492,-3.324739541338637,56.197895046648895,-3.3253788554459023,56.68049761046437,56.19725420267917,-3.319500893541286,-3.3253803149989256,56.19265640056015,-3.8027301109137777,-0.00525429691221781,-3.3253803149989256,0.48258840813547155,56.68048046451115,-3.807359319721895,59.99935919162071,60.48198046512686,56.192015591323134,56.192034266281105,0.48196328444091835,59.9941407503524,56.19727141895557,60.00000149599435,59.99937637144892,-0.005237151816729132,56.197893552370026,60.48196328444092,56.68049910560785,60.476727663351255,-0.0006236285579380287,-3.802747256866995,0.47734976203985613,-3.807982913540246,-0.0006407745111555202,59.99476288290913,56.19265786010631,-3.8073435994467055,-3.3195180403590947,59.999376407032514,56.192034267145694,0.48260562440500576,59.999360720625454,-0.005252836508327318,56.679875512640365,0.4767276624935294,60.48258694857558,59.99937637230665,60.47672762776766,-3.8027285810444367,0.4773512910446056,60.000001495987476,0.4819632852986472,60.477349796765715,-3.320125983353982,-0.005235621947389067,-3.325361640034096,60.47672762863225,0.4767448440372004,60.4773512910446,56.67463686569387,56.19725274226842,56.679875512640365,60.48198046599145,59.994745668361915,-0.0052528373591943026,1.4951297534497e-06,56.67463686483615,-3.320124522085501,56.67462118013769,-0.005877926321022823
0.10228541012273651,66.51182700279875,-0.40991993533086335,-0.35802906932778245,59.999367306865864,59.59001308613243,6.459303121528777,66.05057990531932,6.4599361367040675,-0.3574633584691469,6.101907067376285,60.05132885842019,66.10197405357451,-0.4094249026382505,66.45937211463878,66.45986714742372,6.102470771322414,66.4598671435926,6.459303125359905,0.05132700500564698,59.64260394584677,-0.40998876746681323,66.10190691023263,6.459372114731112,-6.899311146870477e-05,59.64203807775213,66.10197589951223,66.10247077123006,6.459370264962262,-0.35796007247827166,59.99999815406227,66.45993412605205,59.642039923782946,6.050580066201767,59.641971091646255,6.102539760601277,66.05051106935151,-0.3573960540608812,59.641970934502616,66.05001604422957,-0.40942321749134886,-0.0005657070275066524,-0.3580290654973924,60.05195817031974,66.10253791457194,-0.40992162403332766,6.459866982710906,6.511828691500484,6.049947051118822,66.04994906176937,0.05189086600234227,66.4593051361028,6.050512922952237,66.45993613679641,66.45986883238741,59.99943613890948,66.05057990531932,6.511826841731629,66.10253992157679,66.51126314544776,59.99993285665738,-0.40942506352068264,60.05139414834678,-0.4099887636356845,59.99993101062805,6.459372118377546,66.05001620137246,-0.4099199315004735,59.64260209981669,6.459868836218542,66.04994906186245,60.05196002391973,6.459867147332119,59.99943445020776,66.10247278206604,0.051327169626121334,6.511893988904635,66.45986883247976,6.511263141616628,59.59057694722295,0.05139431296799782,6.459936136795677,60.05189086609468,66.51133012781486,-0.35746335473036606,59.99943630362377,59.641972945153896,6.5112631417097155,60.05132901948732,66.51133028869728,6.101908760001487,6.050510912115517,6.102472782066049,66.51182869159356,6.459370264963002,-0.0005655498838552349,1.6097404137821626e-07,66.10190875990914,-0.3574631974020189,6.101907071206677,59.99936714953826
0.06185225804640958,3.5498190857738736,59.978122062260965,59.98089154243938,63.202240996797556,63.180393251951514,0.3447410563633556,3.5252017534335462,60.34477484117205,59.980921735132824,60.325666383611434,3.2050142495519385,63.52794472316681,-0.021851517227382943,3.547019503030121,63.5470459235467,60.32569646919346,3.54704592334223,0.3447410565678278,0.002739386214379435,63.18320009166655,-0.02188161139590044,63.527941139643,60.34474473861653,59.99999631775167,3.1831698905812305,63.527944821686816,63.52797123360703,60.34474463989207,59.98089522488722,63.202274665898514,3.547049498279555,3.183169989106194,60.322926997601535,63.183166315449284,0.3257001512372345,63.52519807957217,-0.01907467274703192,63.18316630706232,3.525171659464572,59.97814857271101,59.99996980751102,-0.01910845735617739,3.2050478367121853,63.52797481713087,59.9781219721328,0.34477115033725836,60.34754441148347,60.322893212797766,3.5251680845272064,0.002769480178385388,63.547015928302194,60.322923414082645,3.547049605595488,63.54704601347531,63.20224467044951,3.5252017534335462,60.347544312759,3.527974924247213,3.5497889920044425,3.2022711808946536,59.97814847418613,3.2050177341566766,59.97811838880857,3.202271082369768,0.34474473881114953,63.52517166785148,59.9781220624654,63.18319999314162,60.34477124926127,3.525168084532175,3.205047935641126,60.3447711591233,63.202244580321384,3.5279713409278646,60.00273939500038,60.3475478964873,63.547046013480234,0.3475142273814558,3.1804233459205293,0.0027429785242007766,60.34477484117693,3.2050442446018286,63.549792566936844,59.98092173533237,3.202244679240508,63.1831664143733,0.34751422738642396,63.205014258148296,63.54979257552334,60.32566647394894,60.32292330676177,60.325696576509344,3.549819175906957,0.34474463989210585,-3.0184102018157354e-05,60.00000000859138,3.527941238362537,59.98092174372919,0.32566638381586704,63.2022409884008
0.06215926740204676,0.10334004298062222,61.746044393262316,61.746125016582496,61.8399028635728,1.8392668461203914,60.010035879215515,60.102623399083946,1.7567181524078186,61.7461258955327,61.756161879319556,0.09330230704700822,1.84938454031988,-0.0006361272715331288,0.10325854333399889,61.84994060214177,61.75616275515161,60.10325931246508,60.01003587922147,60.0000797472441,1.839348557027281,-0.0006370033535510906,61.849384435998644,1.7567172760816434,61.74668118247551,0.09266638816202508,61.849384543187924,61.8493853120747,1.7567172732076402,61.74612512378353,1.8399038437259376,60.103259416536346,60.09266639103022,61.75608213208142,1.8393475737558356,0.009481572670150156,61.84930458180361,-0.0005552895665638853,61.839347573511674,60.102622523007724,1.7460451650174402,61.74668041072649,-0.0005562730823084392,0.09330328481474785,1.8493854163959456,61.746044390638566,0.010036755291872479,1.756798778351875,61.75608114856,60.10262241893647,60.00008062332016,61.849939728939574,61.75608202776033,0.10325941966046054,1.8499406047597202,61.839902970517784,60.102623399083946,61.75679877547786,60.102704129843495,0.10333916691022221,60.09322245260201,61.746045162149244,60.09330240848858,1.7460442863231465,0.09322244973381597,60.01003598641657,61.84930381292264,61.74604439326828,61.83934855415908,1.7567180478424291,0.10262241893661346,0.09330328769470336,61.7567180452184,1.8399029678940264,60.102704025528226,61.746761037170614,61.75679887980505,61.849940604759865,60.010116609981026,60.09258643252585,60.0000798518211,61.75671815240796,60.09330318024355,1.8500205606520925,1.746125895538506,60.093221681102946,61.839347576635646,60.01011660998117,1.8399835969680045,61.85002056090205,61.75616188194941,61.75608202463607,61.75616275827572,60.103340045604526,0.010035983536896997,59.99999912129989,61.74668128992086,0.10270314920176132,1.7461258957829484,0.009480589654765106,61.83990286332835
-0.15498187505763508,0.003027404475137923,1.808884975529567,1.808887337434916,1.8116346120194688,60.053882353058064,61.758027633179815,61.76074003646423,0.051464042812065715,1.8088873631842548,1.8091813729538702,0.0027333433754016473,0.05417875658001381,-1.8635704931512262e-05,0.0030250168973143315,1.8119286731964095,61.80918139861186,1.7607586659031238,1.7580276331799964,1.7577359627138927,60.05388474682486,59.99998133862975,1.8119123799975483,60.051464017139594,1.8089036306264505,0.002714713775270906,1.811912383137718,61.81191240566269,60.0514640170554,61.808887340575424,60.05390101425993,61.76075866895195,1.7604483403329794,61.80917903671383,60.053884718019404,60.00027776798523,61.81191004062414,59.99998373248094,61.81161834448592,61.76074001079908,60.05115137166489,1.8089036080176304,-1.62963317045951e-05,60.002733372019655,0.05417878224515315,1.8088849754527025,60.000294032371286,0.051466404794282966,61.80917900790102,61.760740007750265,61.757735988379025,61.81192864761546,61.8091790336577,0.0030250425697891546,0.054195046799420346,61.811634615152485,61.76074003646423,61.80920003118378,61.76074240151707,0.0030273788101645685,1.760464630468365,1.80888499805454,61.760466972820865,0.05115134592304063,60.002731003910654,1.7580276363203375,61.811910018099354,61.80888497552975,1.8116183732145361,0.05146403974876405,0.003006381276582587,60.002733372104025,61.809197666145565,60.05390098860194,61.76074239846111,1.808905970014497,1.809200034240094,61.81192867327311,1.7580299982328431,61.76044599790378,1.757735965777535,61.80919766928575,61.760466995429866,60.054197389152094,0.05115373671074176,1.7604646078668678,1.8116183445774392,1.7580299982328471,60.05390335067584,61.81193101563311,61.80918137303091,61.80917903356616,1.8091813987033833,1.7607610310256898,0.0002940097622923356,61.75773360073167,1.8089036337741216,60.00300874631495,0.05115373671790284,60.00027773918724,61.8116346120123
-0.3212983454982868,-0.00030573492906995383,-0.18267771096693053,-0.18267794949368513,-0.18295539435020886,53.93521096623499,53.7631108254637,-6.2371630977707415,-0.005197308654332736,-0.18267795209408835,59.817292356116525,-0.0002760379559008807,59.99452853477753,60.00000188200353,59.99969450619033,59.817014908668824,53.757944851450496,59.822182522933375,-0.17754167246146324,-0.17751221691629301,-6.064789275509418,-6.059345617479409,59.81701655410471,53.93545519186344,-0.18267959492884217,-0.0002741565688839331,-0.1829834462124007,-6.242330950562041,-6.064544808128052,53.75797454811429,-6.064790918343449,-6.237164979449374,59.822213862441195,53.7579450899765,-6.064789272600375,-6.059375553620654,-6.242330711718868,-6.059345859232347,-6.2423012535810924,-6.2371630951788415,53.935486765656385,-0.1826795926455972,60.00000164575228,-6.0596235429235215,59.994528532185626,-0.18267771095916802,-6.05937719614677,59.99480245281115,-6.242054907113719,-6.237163094870943,-6.2368597215830555,-6.242332590822641,-6.242054909714862,59.99969450359768,-0.0054731103574816335,-6.2423028967414735,-6.2371630977707415,53.75794296976335,53.76283666338463,59.999694267662804,59.82221221731467,59.81732228675829,-6.23713552131232,-0.005165729669109057,53.94037669622974,59.8224583272214,53.75766929055591,53.7579747869582,59.817046245592486,-0.0051973083449725795,-0.0003036118146424222,-6.0596235429320435,-6.2420567913935106,-6.064790915752271,-6.237163336306739,-0.18267983118159417,59.81729047152956,-6.242332593413783,59.82245808869391,53.7628665969262,59.8224877827743,-6.2420567917106355,-6.237135523595582,53.935179151015504,-0.005165971112667139,59.82221221959718,-0.18295375151547172,-0.1775419113060813,53.93520884570394,53.75766717003334,53.757944854033894,-6.242054909705619,59.81729235351611,-0.17781771591827122,59.99997030821135,-6.236859480456639,-0.18267959524672273,53.94034864726734,-0.0051659711133903285,53.94062444928764,-6.242302896424347
0.19418941346656926,60.00006138515555,0.03667784946358887,0.03667789735475386,0.0367336024576269,-10.829058116261294,49.20549597915878,1.252291415132191,0.0010435104722432832,60.03667789787686,-12.010056578573469,5.542262676261628e-05,47.95435811741751,47.95325918419486,47.95332089880551,47.989999127049664,49.20653319829289,47.98896157858751,60.035646640751004,0.03564072669589311,61.21768237021423,61.216589397958884,-12.010001203319323,49.17089284835948,0.03667822772359128,5.5044883745008356e-05,60.036739234682656,61.25332901148549,1.217633286296086,49.2065272358262,1.2176827000608192,1.252291792933759,-12.011044713727753,-10.793466849598135,61.21768236963016,1.2165954085076145,61.25332896353079,61.21658944649781,1.2533230489551408,1.2522914146117916,49.170886509004674,0.03667822726516361,47.953259231629154,1.2166451995536647,47.954358117937915,60.03667784946203,1.2165957382923778,47.95430312042664,61.25327358775598,61.25229141454999,61.252230503562394,1.2533293408153903,61.253273588278226,47.95332089932606,0.0010988856644128845,1.2533233788672506,61.25229141513219,-10.79346642390384,49.205551025148864,-12.046679053303167,47.98895561657912,-12.01006258801801,61.25228587835825,0.001037170074938564,49.169904713598385,47.98890620287636,-10.79341147486425,-10.793472812128636,47.98999283525324,60.00104351041013,60.00006095887875,61.21664519955537,61.25327396607979,1.2176826995405647,1.252291463025212,60.03667827515818,47.98994379981204,1.2533293413356372,47.98890625076766,-10.794454984877909,-12.011099711180314,61.253273966143475,61.25228587881669,49.170948271566886,60.00103721855174,47.98895561612084,0.036733272610899224,0.03564668870599715,49.17094230949682,-10.793411049107835,-10.793466802225808,1.253273588276369,-12.010056578051357,60.03570206448224,-12.046734476450476,1.2522304551492665,0.03667822778741502,49.16991034524121,0.001037218551881676,-10.830145030014634,1.2533233788035787
0.047598510465540186,66.51082554592367,0.003980047249020955,60.00398005244587,0.003986097209795402,58.82489939853478,65.33946787428141,60.135890709915195,0.0001132351281527413,6.514798937299016,-1.3032550529875089,6.014111416184493e-06,65.20370234065294,5.203583091399948,5.203589788277489,5.207569876629369,65.33958042671351,65.20745728846069,6.514687031826182,0.0038675052739915237,6.6429540409910715,66.6428354385844,-1.3032490440166682,5.335712962323396,60.0039800882954,5.973121143307132e-06,6.514805593179577,6.646822188077213,60.13212982991955,5.339579779704504,0.1321351919874328,0.135890750911813,-1.3033622791378958,58.828761536720194,6.642954040927691,0.13201720601446804,6.646822182873475,66.64283544385152,60.1360026562648,0.13589070985871618,5.3357122744168795,0.003980088245648082,5.203583096547216,60.13202260902252,65.2037023407094,6.5147989320453465,0.13201724180061578,65.20369637272883,66.64681617384612,66.6467095946485,6.6467029849750325,0.13600333901750639,6.6468161739028035,65.20358978833397,0.00011924409226819253,0.13600269206476415,66.64670959471168,58.82876158291384,5.33947384752261,-1.3072290913221436,5.207456641501403,58.696744294905734,6.646708993896141,60.00011254710851,5.335605736215675,65.20745127944025,-1.1712324543654224,-1.1712391102957442,65.20756919388359,66.5109321199179,66.51082549966681,6.642841493819199,6.646816214899431,60.13213519193097,60.13589071511224,6.514798978239191,65.20756387286897,60.13600333907396,5.207451284637112,-1.1713456894438123,58.69663175288788,6.646816214906341,6.646708993945888,65.33571897649782,6.510931437165398,5.207456641451673,60.00398606141692,0.0038681522334578036,5.335718329531847,-1.1712324081650405,-1.1712384581392636,60.13599728910611,58.69674494706915,6.51469304605745,-1.307235105490046,0.13588409492505263,60.00398008830231,65.33560634732578,0.0001125523689208748,58.82478145355826,60.136002692057865
0.09188645342898563,1.3674031311242296,8.18262143893534e-05,1.2336282030806787,8.195059617590098e-05,1.2093873586050259,61.34332106426183,61.23634016830697,2.328013034245095e-06,60.13393844374036,59.973206240856555,60.00000012364476,1.3405298462268982,0.10698101780938543,60.1069811554912,0.10706298255062996,61.343323378239255,61.340607044597945,60.133936143063856,60.00007951245196,0.13657319813740104,1.370117136537364,59.97320636439563,60.109697489868374,61.233628203817716,60.000000122802035,0.13393858057931407,0.13665272378444906,1.2362628479754323,0.10977698817787494,0.002716581455308526,60.00279379239037,-0.026795963617258105,1.209466760714445,0.136573198136098,0.002714155769150875,60.13665272367746,1.3701171366456517,61.23634246982387,0.0027937915463581435,60.10969747572564,60.00008182705723,0.1069810179152087,61.23626064360962,61.340529846228065,0.1339384436323475,0.00271415650488209,1.3405297235317122,61.37019897689668,61.37019678572363,60.1366502730752,0.0027961071012038625,0.1366526001383982,1.3405275322518106,60.00000245155197,0.0027960938004336763,1.3701967857249273,61.20946676166416,0.10977481030688899,59.97312453818009,60.107060654537605,61.206752604209285,60.13665039661325,1.233548690627412,0.10969528539542944,1.3406069210578613,59.9759205074929,-0.024079629347071217,1.340609345273434,1.3674053221903044,61.36740313017323,60.136570884268124,60.13665260098125,1.2362629582135949,61.236340168413804,0.13393844458205165,61.34060923587812,61.23634248386181,0.10706054440525728,59.9759181794809,1.2067502904459726,60.13665260098141,60.13665039661428,1.343243990273872,60.13385893139407,0.10706065453657715,61.23362832661975,7.952575287226392e-05,60.10969760021339,59.975920508442755,59.975920384060686,61.236342359479885,1.2067526176171752,60.13393626671106,-0.026875585465833324,0.002793655549233922,1.2336282038178552,1.3432416747187539,60.00000231397612,61.20938493376172,1.2363424705597388
0.16847018263275487,0.06444826942702356,60.00000385662267,0.058143206633988156,60.000003862485016,0.0570006902535986,2.8912255599762706,62.88618335007555,60.000000109723615,2.834225093037419,62.82664948341559,62.8279123292711,60.06318168120147,60.005042215643954,62.83295454557665,60.00504607879567,62.89122566903835,62.89109764314872,62.834224984602216,62.8279160710142,60.006436950501076,60.064576185582915,2.826649489238225,62.833082571500974,2.886055530112209,2.827912329231372,0.006312776043412837,60.00644069869371,60.05826738238009,60.00517399496165,0.0001280375695850835,2.8280440001089806,-0.0012629439288631226,60.05700443262366,60.00643695050101,60.00012792324246,62.83435302213215,60.06457618558803,62.88618345855034,0.00013167662571797364,62.8330825708344,2.827916180105875,0.0050422156489491115,62.88617960192768,2.8910940046450175,0.006312769588845931,60.00012792327714,0.06318167541862689,2.8924923663157456,62.89249226304165,2.83435290663067,0.0001317857621527039,60.006440692866036,60.0631815721395,2.827912438989716,60.00013178513527,60.06457993959823,2.8849167561119042,60.0051738923145,2.8266456326155023,2.8329582925155297,62.884788832789994,2.83435291245325,60.058139459063206,0.005170144156556414,60.063185313882556,62.82677741188343,-0.0011349180095755673,0.0631854281403707,60.06444837269607,2.8923605928256833,62.83434916488758,2.8343530163492403,60.05826738757582,2.8861833500805765,0.006312769633607263,2.891097746427848,62.88618345921198,60.00504596388131,2.8267773021598663,60.05687640029451,2.834353016349247,62.834352912453305,60.06330960389145,2.8342213454716876,0.005045969071998532,62.88605553590009,3.7481976096432682e-06,62.83308257670174,2.826777411928199,62.82677740606583,2.886183453349621,0.056876509978454844,2.8342249904299535,59.99873330334435,60.00013167021592,60.05814320666873,60.063309494755,62.8279124325055,2.884912899409677,60.05827113514154
-0.067212233967305,60.005998980877024,65.58492693376175,60.00541209233121,65.58492693430743,0.005305744496301319,0.26912137439320455,65.85357860963788,5.5849265849924805,60.263815650683526,5.848037071737735,5.848154620094038,5.590807658952199,65.58539591484828,65.84862396022471,65.58539627443858,65.8540479593241,5.854036042404221,65.8487422153693,65.84815496838338,5.585525739711076,5.590937462361841,0.2631104975005425,5.848635877147835,0.2686401371068679,0.2632280453111661,0.0005876065114247615,65.58552608860076,5.5903502256508,5.585408181145161,60.000011918007075,60.263240301514216,-0.00011755748517939458,65.59023266762317,65.58552573971107,5.584938482144448,5.848754133372699,5.590937462362316,5.853578619734941,60.0000122567381,5.848635877085789,0.2632284037586886,60.00046934006956,5.853578260752367,60.26910912894545,0.0005876059106200575,65.58493848214768,60.00588108363474,0.2692392913997118,65.85416585656591,0.2638275478424038,1.2266896753736065e-05,5.585526088058301,5.59080764880048,60.26322805552771,65.58493884161757,5.590937811793507,60.26853413762059,65.58540817159054,60.26311013851796,60.263697734218525,5.853448805027093,0.26382754838438177,5.590338318278599,60.000481247924924,65.59080799708981,65.8480489795894,59.99989435943747,0.005881432945999272,5.5909255652687015,0.2692270256452702,5.848753774332239,60.26382755805524,5.5903502261344284,0.26865203485916994,0.0005876059147865367,60.26910947723849,5.853578619796528,65.58539626374211,60.26312239459691,5.590220750103887,0.2638275580552405,65.84875412316356,5.5908195662660445,60.26381530185219,0.00046968944609530704,65.8535667124248,60.00000034889013,5.848635877631932,60.26312240481438,65.84804897904787,0.2686520444716705,60.00529418553432,0.2638156411325917,65.58480866798227,65.58493883092063,65.59033866711363,65.59081955610739,65.84815462970332,0.2685337786306058,5.5903505749657505
-0.14811650246979075,-2.8999303376137595,56.83045491224955,57.10009802514875,-3.1695450877768243,59.999743587479756,59.986994079736064,56.817471691265716,59.73009535192763,57.087610068428766,59.71737992187703,-0.2826257589223941,59.72981113526457,56.83043224764096,-3.1822888637056232,-3.1695677697370965,56.81744900884368,-0.282909992420299,56.817705421337756,-3.182266198577273,-0.2699336036264077,-0.2701951377889955,59.98728456942963,59.71735098320415,-0.012982663345796366,-0.012721111343415605,-2.8397459887353865e-05,-3.1695740433102984,-0.27016675820057706,-0.26992792233357815,-2.8996409987885654,57.08763787352391,5.6812406005264325e-06,56.830198500243256,56.83042597355061,59.730094776969906,-0.2826547318046745,59.72980486221097,-0.28288788639926304,57.10035898484146,-0.28264901679284476,59.987278871333764,57.10033689521973,-0.28288786905059,-2.9126457512969948,-2.839743085206043e-05,-3.1695456458532307,57.1000753600464,-0.013011618879247,-3.182556688816458,59.98724991629369,59.9999994071735,59.73006637953888,-0.27018886424482963,57.08763846533988,-3.1695456632254557,59.729804845323905,57.08738203650448,56.8304316553052,-2.9123558360446675,-2.912384232982094,-0.28288161279969054,59.9872499162675,59.729833817251055,57.10033631974474,-3.169829303899708,-3.1822610764207497,-2.8996353174955574,-0.00028423401190570566,-0.27019456283412585,-0.013011026107957077,59.7173452855468,57.087609492977165,59.72983324177605,59.987016761667476,59.999971602568955,-2.912645768129071,59.71711211359776,-3.1695677692201647,57.08764357165164,59.72983949900825,-0.012750084199860864,-3.1822951541342746,59.729810559815746,-2.912389914713144,-2.2698841734521465e-05,56.81747226622638,57.100359560316086,-0.2826490168192385,57.087643571157855,-3.182261076394579,59.98701676120292,-2.8998962767293346,-0.012749508286683729,56.83046062772012,-3.1695456627085012,-3.1698066224301966,-3.169829862516285,-3.1822661822097644,59.987022476676486,59.729833224917954
0.024557840621496158,60.280915966108935,54.49483943148029,-5.531280870301534,0.3070335203953,-5.8121692502568925,54.18906579330218,54.49609711481789,-5.786048452244195,-5.530071163164358,-5.784816709787895,0.027377929423052318,54.21397907979596,-5.50515837300132,0.30826800871403,0.307035717594557,-5.503900687938112,0.027405463093992215,54.496074473408854,60.30826581314528,0.026148441589937465,60.0261737763785,-5.810962346405818,-5.784813906501505,0.0012576293192796365,0.0012322928025766252,60.000002750859146,60.307036325314975,60.02617102725057,60.02614789124365,0.2808879378854523,54.469926143358805,-5.503412172678208e-07,54.494864270086076,-5.505157765230806,54.2139516034519,60.027380736023304,-5.786020312533963,60.02740332168591,54.468693850558736,60.02738018241067,-5.810961794431831,54.46869599037822,0.027403320005348043,60.28214770697974,60.000002750856325,60.3070335744561,-5.531278674735301,60.00126043423895,60.30829395290614,-5.8109589895599525,54.187805968514574,54.21395435430825,0.026173168660896202,54.46992608602966,60.30703357613895,-5.786020310898115,-5.530049073734317,54.49484168437817,0.28211962291780907,60.28212237372634,0.02740271396293978,-5.810958989557415,54.21397688259415,-5.53130395387557,0.3070610523831233,0.3082653169624817,0.2808873875391583,2.7533720731103625e-05,60.02617372068268,60.00126037681725,-5.784813354569997,-5.530071107420417,-5.786023061659634,54.18906359610571,-5.8121913380561185,60.28214770861027,-5.7847907672262675,60.30703571754449,-5.530074408618256,-5.786023667797101,0.0012350994003261257,60.30826861806723,-5.786020864460376,60.28212292411506,60.000002198834565,54.49609705912152,54.468693794812566,60.027380182413225,-5.530074408570424,60.30826531695995,54.18906359615072,60.28091266663443,60.00123504361167,-5.505161122176793,60.30703357608887,60.3070588552314,0.3070611064962561,60.30826581155977,54.18906304249336,54.213976939973406
0.05918471072347281,60.40597414835922,60.36700663341955,59.96274845853505,60.00206777999244,-0.03914324166572661,60.364947338361404,60.367015103545015,-0.03896732581312692,59.962756605555,-0.0389590303918202,0.0001843822610063149,0.3651151219808859,-0.03707561416814635,60.0020760939063,0.002067794789919845,-0.037067144031051436,60.000184567692145,0.36701495106182513,0.4061583414936661,0.00017610202392021176,0.4042585350200933,59.960864886474916,59.96104098848748,8.469761676036919e-06,8.299127726203154e-06,60.404082280900084,60.4061500612566,0.40425851650552935,0.40425836069136245,60.00189169722357,0.3668388497890931,59.99999999629362,60.36700680070022,59.96292438992501,0.3651149369358315,60.40426666353648,59.9610328636995,0.4042668156442518,60.36683055066139,0.4042666598080736,59.96086489019229,0.36683056507243533,0.00018455325907193242,0.4059824437698612,60.40408228090006,60.406150042730374,59.96274847332155,60.404090751025834,0.40615853100663657,-0.03913509091771858,0.36493885381388685,0.36511495546203576,0.00017626855343312657,0.36683884940299816,60.40615004274172,-0.0389671362894804,-0.03724324567921736,0.3670066485921493,0.0018999922581448177,0.4059822731578888,60.000184549177554,-0.03913509091770148,60.36511510718337,59.96274830307401,0.0020679654122311886,60.002076075778156,60.00189169351715,1.8543146940990753e-07,60.404258534644995,60.40409075063912,59.96104099220457,-0.03724339406957948,-0.038967154815046055,0.36494732356392445,59.96085660957948,0.4059824437808423,59.96104114432366,0.40615005716344427,59.962756583697825,59.961032841102806,8.318029332339677e-06,60.406158360383984,59.961032859982446,60.40598227686459,0.40408227718236234,0.3670151031699228,0.3668305502859497,0.40426665980809084,59.96275658369816,60.406158338152004,60.36494732356422,60.405974126138254,60.40409058002747,59.96292436731697,0.4061500427413738,60.40615021298892,60.00206796577667,0.406158341482988,0.3649473198355089,60.36511510756981
0.10064377043422748,1.6618182703772564,61.660746241837174,61.64962476535337,1.6507064723814966,59.99892313707247,1.6606895889282627,61.66074647485734,-0.0010720233370453236,61.64962498948462,59.99892820487685,5.072508380068646e-06,60.010044618749276,59.998980019213676,1.6507067011041388,5.688674356678739e-05,59.998980252234155,1.6506546636547652,60.01009688461737,60.011173751637585,60.00000484471221,0.011121486391434728,1.6495729467293547,61.64957779144126,2.3301014340750542e-07,60.00000022831586,61.661766223539956,1.6618231098864442,60.011121485882086,60.0111214815955,61.65070162819901,60.01009203992582,1.6506495859430554,61.66074624643922,61.6496296053713,0.010044613658533074,61.66177129605865,1.649577567921625,60.01112171419825,61.66074139765499,0.011121709911066669,1.6495729468316227,0.010091812006424611,60.00000507721268,0.011168912545837791,1.6617662235399515,1.6618231093767721,61.64962476576017,1.6617664565601116,60.011173756851235,-0.0010766386937194404,0.010039769466327281,0.010044614168204262,60.00000484929359,60.0100920399152,61.66182310937709,59.9989279818769,-0.001024592467722886,60.01009665620957,5.227035723992481e-05,0.01116890785216143,1.6506546631454135,59.99892336130628,1.6606942043872053,61.64962476107652,5.689143752758055e-05,61.65070670060541,61.65070162809703,60.00000000510137,61.661771072426134,61.66176645654947,61.64957779154351,59.99897540344994,-0.0010720186327468006,60.010040002476146,61.64957271902513,60.01116891254614,1.6495777957284388,0.011173523728816684,61.64962498888333,61.64957756729997,60.00000022883587,1.6618233382022973,1.649577567819366,1.661818493999157,60.011116637392654,0.010096888801995062,0.010091811599636171,0.011121709911067139,1.649624988883329,1.661823337590677,61.66068958852118,61.66181826976593,61.6617664518558,61.649629604749336,0.011173523332053608,1.6618231140607256,1.6507064774925744,60.011173751637294,0.010040002373578712,61.66069420439783
0.08155798095581072,0.08705644774133411,3.2301760238052726,63.22959341122147,0.08647434217734212,63.143119322808445,0.08699732033893848,63.23017603601234,59.999943840704304,63.229593422962864,3.143119588291779,60.00000026572976,63.143701935664296,63.14312230265122,60.086474354159265,60.00000298008387,3.1431223148582887,60.086471628111795,63.14370467367776,63.143761086715905,3.1431759894285536,60.00058261310282,0.08641496100524994,63.22959095043379,1.2206530481910795e-08,63.14317574759279,63.23022945683425,0.08705670126513163,63.143758348708346,63.14375834848377,3.2296498240409175,63.143704419882496,0.08647136210945888,3.230176024046356,3.2295936647719166,0.0005261997654216804,63.230229722564545,60.086415203092244,63.14375836066896,3.2301757700366727,0.0005826248121867464,60.086414961010604,60.00052867231045,3.1431760016083836,60.000585097581805,0.08705372120206521,60.08705670123844,3.229593411242778,60.087053733409114,3.1437610869890342,59.99994359892303,0.0005259459962983474,0.0005261997921214489,3.1431759896685545,63.143704419881935,63.23023243687062,63.14311957660965,59.99994632543027,3.1437046617123383,2.738248642822633e-06,0.0005850973359070942,0.08647162808511316,63.14311933455523,60.086997562125575,63.22959341099742,60.000002980329775,63.229650089765336,3.229649824035575,3.1431757358994314,63.23022971084927,3.2302294690407525,3.2295909504391442,3.143122060848606,59.999943840950756,63.143701693835,3.2295906847088656,63.14376083321399,0.0864152150261877,60.000585339144436,3.229593422931366,63.229590938691864,63.14317574762005,0.08705671322574575,60.08641520308689,60.087056459456036,63.143758094714094,0.0005289382647967874,0.0005286722891424648,0.0005826248121867711,60.086417687299175,60.08705671319371,63.2301730559498,63.2302321833415,63.23022946879486,63.22959366473933,60.00058533912365,0.08705670148380662,60.086474342445094,3.1437610867158954,0.0005259581974387033,63.23017329775833
-0.09097167017469912,60.00356363728225,0.13222657258961393,2.5882900378758613,0.0035398089140608207,2.58475023934959,0.0035612169145343184,2.588313887498493,62.45608501554028,62.58829003835649,0.12866293580790772,62.456087325286774,2.5847740884836634,2.584750361328823,2.4596271238137244,2.4560874363982887,60.12866304741934,2.4596270122235473,2.5847742005636665,2.5847765098194557,60.12866524457651,2.45611116355337,0.0035373781583359814,2.588289937144038,60.00000000049967,62.58475254908622,62.588316074268555,60.0035636476602,2.584776397739695,2.5847763977305025,0.1322050327135126,2.58477419017461,0.0035396869256120855,0.13222657259948256,60.13220273384571,60.000021539876144,62.58831608514617,2.459624702477302,62.584776398229295,0.13222656220164994,60.0000238496235,2.4596246925677416,62.45610895549844,60.128665245075105,62.45611126525499,0.0035635256719417723,62.45965096206828,60.13220272346754,62.45965084058082,0.12868919542144996,62.45608500564302,60.00002152948815,60.00002153987723,60.128665244586344,62.584774190174585,2.5883161962557035,2.584750249738888,62.456085117252016,60.12868688566468,60.00000011208963,60.00002395083575,60.00353969781327,62.584750239830434,62.459648541221206,2.58829003786669,2.4560874364083554,62.588292358000075,0.13220503271329392,0.12866523419835582,2.5883160846665954,0.13222876035902856,0.13220262273507147,0.12866303702149864,62.456085015550386,2.5847740785844326,60.13220261185746,2.5847764994424085,60.00353738855664,62.4561112751433,60.13220272394601,62.58828993666337,2.584752549087322,60.00356364814981,62.45962470247709,62.459650952170975,2.584776387342494,2.1651976037883277e-05,2.1641088380707885e-05,60.0000238496235,62.45962480416779,2.459650962557673,2.588313765510264,2.5883161858775416,2.5883160747581493,62.588290048253555,62.45611127514245,60.003563647669154,62.4596271233342,60.12868919541026,60.00002152998761,62.588313775408636
0.020939100422885937,-3.7552031494087053,59.99172486412931,-0.16198296088826833,-0.0002215318687193271,-0.16176142966964804,59.99977712835434,-0.1619844534692517,-3.9086892999863423,56.08303691279248,59.99194788721752,-3.908689444537211,-0.16176292222005598,59.838238562696525,59.846069150533296,59.846290674798254,56.236967753943375,59.846069157516936,59.83823707076563,-0.1617630737545189,56.236967616438676,59.84628918988166,-0.00022137974472868322,59.83801704541583,56.24501987367956,-3.9167417005090686,56.08303528338695,-3.755203150058187,-0.16176306674023103,59.83823693326035,-0.008273787840577489,59.83823707141582,59.99977847576569,59.99172486412869,56.236746229740305,-3.7549814743192824,56.08303528270618,59.846069302067804,-3.9167431930600403,-0.0082751352205789,56.24501838112981,59.846069302687965,56.09130920177921,-3.763032383592521,56.091309057227704,-0.0002230161346277102,-3.9089124676254094,56.2367462303898,-3.9089124600223593,59.991946243812066,56.09131070063306,56.24501852633083,56.24501852568064,56.236967616438065,56.08325694512665,59.83801540204179,59.83823856968016,56.091310693648225,56.236966262074404,56.24501986669592,56.24501837479563,-3.7552016512048665,56.083258444011086,-3.9089123161215307,-0.16198296088769437,-0.15370932520236474,-3.916963232377775,-0.008273787840563802,59.99194774337734,-0.16198459097462764,59.99172472721213,-0.008273637016891634,59.99194788088327,56.091310700013025,-0.1617629216005324,56.23674623737469,59.83823692689491,56.24479849331535,56.091309056608864,-3.7632537696401456,-3.9169630808432565,-0.16176157421996942,56.24479684991117,56.09108917577865,56.091087532993996,-0.16176306608954302,59.99999864495433,-1.3543642796804258e-06,-3.7549816188702065,56.09108916941453,59.84606765863314,-0.16198444583486205,59.83801540269128,59.838015409645465,56.083036912173085,56.09130905660892,56.24479684994124,-3.908910975725864,-3.7630338824763974,-3.75498147370043,-3.916964572743501
-0.04206585021944913,-0.017136720317014208,60.27376985197026,-0.0007392028037953669,59.99999898904813,-0.0007381918548842322,0.27380659815799707,-0.0007392096151293598,59.982162851735325,0.2559327098600885,60.27377086972725,59.98216285107567,-0.0007381986660786953,0.2730694233341729,60.27310515791053,0.2731061688277077,60.25663516713551,0.2731051579423989,0.2730694165258055,59.99926180064241,60.256635166508005,0.27310616205134985,-1.010257666050585e-06,0.27306841244886687,0.2566719126638785,-0.017873895074406107,60.255932702424346,59.982863279680025,-0.0007381993255907704,60.27306941589832,-3.7757101958282865e-05,60.27306941652877,60.27380660430685,0.2737698519702508,0.25663415621860813,59.98286429128844,60.255932702421255,60.273105158602036,59.98212609811439,-3.7763250673365966e-05,60.256671905852684,0.27310515860488105,0.2559704601220868,-0.017172448716029208,60.255970459462425,-1.0177252663144025e-06,59.98216183331868,60.25663415622157,-0.0178381666466281,60.273770862227636,0.2559704669620468,60.256671906515294,60.25667190651234,0.2566351665080041,60.2559337139689,60.2730684049494,0.2730694233660424,60.25597046693017,0.2566351603274194,60.25667191263201,0.25667190582378124,59.98286328651997,60.255933720809004,59.98216183401006,-0.0007392028037927474,-0.0007014463961888908,59.982125093973714,59.999962242898036,60.27377086907085,59.99926078975738,0.27376985134543746,-3.775641368038715e-05,60.27377086969835,60.25597046695922,59.99926180133675,0.2566341562534474,0.27306941586925715,60.256670902403386,60.25597045945962,59.982826540997536,59.982125094665236,59.99926180748546,60.25667089490376,0.25596945604217847,60.255969448545386,59.999261800677374,0.27380760904019674,59.999999993819415,-0.017135709371206783,0.25596945601313614,0.27310515110230216,59.99926079041971,60.273068404952355,0.27306840498409385,60.25593270985725,0.255970459459608,0.2566708949039131,-0.01783815987310004,59.982827544443865,-0.017135708708730272,59.982125087857014
-0.22578377058094617,60.0005696161886,-2.00347058366848,2.4570739086114586e-05,-1.9943705742966236,60.00002453713564,-0.009101197193590697,60.000024570965486,-1.9937777098297058,59.99149292209758,57.99652938250178,58.00622229019221,60.00002453736205,59.99092330613642,57.99655151043645,-0.009077915265770026,57.997098964861685,59.99092211833556,-0.009076693637258588,58.00565392948485,57.99709896488254,-0.009077915040527212,60.00000003358046,-0.009076660262233012,59.991468351358506,60.00059411951642,-2.002877685555429,58.00619900828853,2.453738396216599e-05,57.996552698483434,60.00000125502757,-2.0034473015375265,57.99652819470187,-0.009099975768310805,59.991469606364234,-1.9938010253368375,-2.002877685555326,-2.0034484895865328,58.00622351184265,1.2552319533621225e-06,-2.0029022563152745,-0.009077881686458145,59.99149166729737,0.0005708037830820274,-2.0028789405808785,3.382868930091361e-08,58.00622232402196,-2.0029010015360282,60.00059293192098,-2.0034706172489405,59.99149166707,-2.002902256337299,-2.0029022563372005,-0.008530427217285485,57.99712228082133,-2.003447267913123,-0.009076693864624707,57.9971210591709,59.99146957298815,-2.0029022565406156,-0.00853164841414449,-1.9938009919388269,-2.0028777194060354,-1.9937776760010157,60.00002457073909,2.3315734592943684e-05,-1.9937764547802055,58.0056306471274,-2.003470617476405,-1.9943460369138197,59.990900024252454,1.2550046950647326e-06,57.99652938250273,-2.002878940830068,58.00565392946178,59.99146960636307,-0.009076693615435241,-2.0029022229611106,57.997121059419214,-1.9937997705356612,-1.9937764548031915,-1.994346070742603,-2.0029022227118274,59.99149170067248,-2.0028789069784914,58.005653929483685,-0.009101230794819814,-1.9943706076947294,60.00056958258526,-0.008508299326546563,-0.009077881437076097,58.00565396306416,-2.0034472679132214,59.99092333998589,-2.002877685802495,-0.008508332680615733,-0.00853161481166329,60.000592931695834,-1.9937998038897256,0.000569582563237177,58.0062235454231
-0.027774377798477114,-8.60829746389808,60.287438450246555,59.999996474829615,60.286132869514596,-8.608219261263349,60.00130575114905,51.39178073388308,60.286047811093994,51.393004771784426,-8.320777285813948,-8.322167929823214,-8.608219261295833,51.39308649473581,51.67921953948546,60.00130241088476,-8.320859003944552,51.393086665149895,0.001302235617395065,51.67791361303658,51.67914099605246,0.001302410852442448,51.39178425426813,60.00130223082907,-8.606991703045201,51.39169902060304,60.28735338699873,51.677835410437616,59.999996479615085,-8.32078063096395,-8.608215920973196,0.287435109953119,-8.32077711539998,0.0013055759108451604,-8.606991883101204,0.2860511561759194,0.28735338699871465,60.28743528040282,51.67783189490629,59.99999981991154,0.28735691217209064,0.0013024060671254082,-8.606995048189066,-8.189336850833341e-05,0.28735356705756,59.999999995146595,-8.322167934676775,0.28735673214858304,-8.608300809012322,60.287438455064354,-8.606995048156447,60.28735691217525,60.28735691217524,0.001223862630809311,-8.320862349091398,60.28743510512901,0.0013022356500153418,-8.320862173820888,51.393008121687274,0.28735691220442033,60.00122403783624,0.286051151384298,0.28735339185528497,0.2860478062405834,-8.608219266084445,-3.345114558899205e-06,0.2860476310317133,-8.322083046637488,60.28743845509699,60.28612934912985,-8.606910165006198,59.99999981994414,51.67922271418591,0.2873535670933112,51.677913613039884,-8.606991883101037,60.00130223561427,0.28735690738676006,51.67913782614349,0.2860509761492654,0.2860476310350112,0.2861293539832764,60.28735690735099,51.3930049470226,60.287353562236625,51.67791361303676,0.0013057559698276624,0.28613287430623524,-8.608297459076997,0.0012206879365197778,0.0013024060313465008,-8.32208639178105,60.287435105129035,51.39308648987941,60.28735338703418,0.0012206927218368318,60.001224033015276,-8.608300808980019,60.286050980934576,59.99991828184022,-8.32216810991152
0.42227006907810466,60.212320443289585,58.51303283718627,-1.4798775137981641,-1.4869349611523692,60.21231851445077,-1.4799098066098033,58.732440913825315,-1.486932863218179,58.73241072338743,60.20522886543442,60.20526316514975,60.212318514451574,58.732408707721355,-1.2746486570079494,-1.4799097242234314,0.20523088098160597,58.732408703518146,-3.21191553512587e-05,58.72538355318038,58.7253532802365,59.99996787652255,58.73244082699633,58.52009028021759,60.212288237185604,-1.2675570707471375,58.513034935239524,-1.2746145179817086,58.52012248608381,60.20522894794131,60.21231843206377,59.99291052031855,60.20522886123123,-3.220154244220391e-05,0.21228824162661697,-0.0070553449782000555,-0.0070874640152943005,58.51303291536928,58.72538556872756,58.52012240369665,59.99291244903762,59.99996787664057,60.21228831969232,60.000002019869356,59.992912531543624,58.52012239937453,0.20526316526946514,-0.007087546522166987,60.21232052579556,-1.4869671629325523,60.212288319691524,-1.4869651517076339,58.513034848292364,59.99996981388511,0.2052309634884042,-1.4869670803076471,-3.2119156155825645e-05,0.20523095916542247,58.73241064076334,59.99291244903683,-1.4799077911814482,59.992944655139986,-0.007087464135079793,59.9929447376467,60.212318514569695,60.000000082506,59.99294474196816,0.2052610715376666,-1.4869671629333565,-1.486934874323394,0.21228622608031067,-1.479877596304166,58.725351264689245,-0.007087468457260293,-1.2746164468196992,60.21228824162662,-1.47990971990045,-0.007087550844351205,-1.2746466415788749,59.99294465946208,59.99294474196808,59.992942726302076,-1.4869651515886453,58.73241071906525,58.51303493091735,58.72538355318037,59.99996779401647,-0.007057360525377209,60.212320443170654,-3.0107812245924472e-05,59.99996787664145,0.20526115404438366,58.51303291969236,58.73240870784113,-1.486965064761345,59.99996989206973,-1.479907791062541,0.21232052579476846,58.513067058598885,-1.4798755851972727,60.20526316959156
0.017138527956779545,14.773817864218199,14.356877188179347,-0.3631057678768256,-0.364837397567057,14.773817390954378,-0.3631136913070133,14.410711601773425,-0.36483688281364124,74.41070419418595,14.772077860198582,14.772086276046757,74.77381739095458,14.41070369961801,59.687249603389034,-0.3631136710925249,0.05035586792558497,74.4107036985867,-7.88082152653376e-06,14.408979993358363,14.408972565527048,14.721714604929758,74.41071158046888,14.358608816808898,74.77380996206278,59.68898960947107,74.35687770296197,-0.312742020189801,14.35861671890598,74.77207788044264,74.77381737073974,74.71998299760433,74.77207785916727,59.999992098963816,0.05208747634067161,59.99826888615303,-0.0017389946394737886,74.35687720736247,14.408980487897129,14.3586166986913,14.719983470838779,14.721714604958722,14.773809982306801,74.72172298241104,14.719983491082619,14.358616697630822,60.05036378926435,-0.001739014883528505,14.773817884462037,59.63515470133842,74.77380998230662,-0.36484480518332907,74.35687768162843,14.721715080284994,60.05035588816962,-0.3648452783885655,-7.880821723943949e-06,60.05035588710892,74.41070417391313,74.71998347083859,-0.3631131967973977,74.7199913729938,59.99826100533113,74.71999139323782,74.77381739098355,14.721722507055606,74.71999139429813,60.05036327554204,59.63515470133822,-0.3648373762625223,60.05208698180212,59.63689421187932,74.40897207098826,-0.0017389957293636325,59.68725750654657,74.77380996315243,59.63688632996816,-0.0017390159440284474,59.687250097898826,74.71999137405429,74.71999139429812,14.719990899730195,-0.3648448051541338,14.410704193125458,14.356877701901473,14.408979993358361,14.721714584685904,59.99826839161426,74.77381786418901,-7.387314276158885e-06,74.72171460495893,0.050363295786068955,14.356877208423205,14.410703699647403,-0.3648447838500102,14.721715099468529,-0.3631131967682223,60.05209539765009,14.356885584815,-0.3631052946713735,14.772086277136609
-0.18721016469056953,60.033730351382815,60.03277842713156,-0.0008290128694003228,-0.0008329663821925639,0.03373035030230144,59.99917096904048,0.03290133738426131,-0.000832965206950406,60.169888326915945,60.03372637875045,0.033726397964818015,0.17071735674636548,0.032901319342717734,60.13627296076747,-0.0008290309133646551,60.00011496832674,0.16988832578442678,59.99999998200716,60.032897383920044,60.03289736696142,60.03361139355756,0.16988834377968423,0.03278238064193315,60.17071733978534,0.13627693340453767,60.16976543475093,59.99928597344774,60.03278239868334,60.17071338524073,0.1707173567002127,60.17059444653988,60.17071338519216,60.136986988405084,0.0001189217909522432,0.1369830541090018,59.99999602967217,60.16976543361942,0.032897385049132526,0.032782398637191075,60.03360744117628,0.0336113935576191,60.033730333387496,0.17059841912838458,60.033607441222486,60.032782398634765,0.1371019928561387,59.99999602962595,60.03373035142904,60.13615402202275,0.17071733983155704,-0.0008329832946455307,0.16976543470222813,0.03361139464284448,60.137101974817014,59.99916701562497,59.99999998200716,60.13710197481459,0.16988832686965252,60.17059444762033,59.9991709701695,0.17059446566187797,0.1369830361161651,60.17059446570809,0.17071735674643168,0.03361141159902905,0.17059446571051828,0.13710199168325066,0.13615402202274918,59.99916703366645,60.137105927105935,0.13615799352844424,0.1698843722764103,-3.970330319742251e-06,60.13627297881129,0.17071733978782586,0.13615797553312065,-3.9703764721825715e-06,0.13627296189648838,0.17059446566429917,0.17059446571051823,0.033607458137298304,-0.0008329832945788746,60.03290132046945,60.03277842830444,0.03289738392004275,0.03361139351133389,60.136983052979915,60.1707173578268,59.9999999831339,0.17059840000168322,0.00011498528540650851,0.032778427177781656,0.03290131934278485,59.99916701675406,0.033611394686642745,-0.0008290298304268835,0.13710594632029022,60.03277844630206,59.99917098821098,60.0337263979673
-0.0807014265755205,52.77637542954598,52.77648997087748,60.000099751884434,0.00010022759521272718,59.995941358536484,-7.219466174799348,59.99604111042677,60.000100227453785,-7.2400079284723935,-7.223624092442679,-0.004058165894166506,-0.020541753537186395,-0.003958887402354066,52.764036877396464,60.00009975405561,-7.219579762550747,-0.020441999475740016,52.780434073304505,52.77647565727119,52.776475659311764,-7.223610256722996,59.979557998358956,59.9960554240275,52.75989231964317,59.98360232824505,52.76000685866241,-7.2194800128310215,-7.223510507003847,52.759892795478095,59.97945824646837,-7.240092893092038,-7.240107204516066,52.763950961236375,-1.4309395169298107e-05,-0.016482636504610067,52.78043454887356,52.76000685879855,-0.003958414004155367,59.996055421862216,52.77639021885163,-0.004044327862501805,-7.223624568288726,59.97947255776239,-7.223609781153938,-7.223510506998002,59.98350305205995,52.78043454887912,-7.223624570459595,-7.235948811168383,59.979458248498105,0.00010022963022221405,59.97957278752875,-0.0040443279930827405,-7.236062874629976,-7.219465699100283,52.780434073304505,-7.236062874629685,-0.020441999606321,-7.240092893222046,-7.219466174935198,-0.020526966532410953,-0.016482634339602224,-7.240092895398475,59.979458246462805,-0.004044330033354281,59.979473033461744,-0.016496947798921874,59.98361711769212,-7.219465701271143,-7.236063350193483,-0.016383360183666085,59.97955847623446,60.00000047773435,52.76403687522532,-0.020541751496631486,-0.016383358018359,60.0000004777399,-0.016397193878879886,-0.02052696653270229,59.979473033461744,59.99595614567127,60.000100229630206,-7.223524816398434,52.77648997073636,59.99604158613171,-0.0040443278569324845,-7.236048565229254,-7.240107682527696,52.78043407316893,59.97947256006383,59.99998616426919,-0.003944100267572459,59.99604111259763,52.78053430076385,59.99595567200165,60.0000997539253,-0.016497423644969075,52.77648996857077,-7.219466177106059,-7.223624094754968
-0.017849297523880484,57.022311724573854,-2.977694737946098,-3.38525698480544,59.9999943450733,56.614977635306616,0.4073284610504089,56.614972007219585,-3.3852570116374707,0.40848744437525986,60.40756305432279,60.000228965193315,60.00115898331719,60.00022336381583,57.02300787624727,56.61474301507205,0.4073348697685677,60.001153355107654,57.02208273241903,-2.97769393036018,57.02230606952469,0.4075622736996487,-3.3840980014889155,-3.3850288003660296,-2.976758284256776,56.61567381395719,57.02323525335373,0.4073292418040005,60.40755664573511,57.02324168889622,-3.3840923734018653,0.40849223815182534,0.40849304561461863,57.02301272371055,8.073483235115163e-07,0.0009299644598255505,57.02208270558704,-2.976764746653962,60.000223337106306,-3.3850288002438607,-2.9776891098514167,0.00022818443972582718,0.40756308117043705,56.61590681914267,0.4075622468676351,60.40755664573477,56.615679415204525,-2.9779172944132934,60.40756308129292,0.40825842550258507,-3.384092373516386,59.99999434495848,-3.3840988359065345,60.000228184447096,60.408264861060715,60.40732843421106,57.02208273241903,0.40826486106070387,60.00115335511502,60.40849223815916,60.40732846105807,0.0011581490217194054,0.0009299643376739548,60.40849223828196,56.61590762659846,0.00022818456220718194,56.615906792303306,0.0009307719153003078,-3.3843270204760767,60.407328434333536,0.4082648878924204,60.00092436320482,-3.384098028451059,-3.3852513836729194,57.02300787636977,60.001158983202046,0.0009243630826543099,-3.3852513836732325,0.0009251437137476385,0.0011581490217358423,-3.384093207696689,56.61497680100381,-3.3852570117602663,60.407557453083406,-2.977694737938135,56.61497198037989,0.00022818443941160135,0.40826405371208346,60.40849307258445,-2.9779172675733174,-3.384093180987173,-3.385250576094963,0.00022252951303057346,-3.385027992902905,-2.977922922500013,-3.3850231722713473,56.61474301507942,0.0009307987629415891,57.022305262184055,0.4073284611805555,0.40756305445325713
0.15623067794198003,58.933136581720575,0.05571141349130472,60.06333673134839,58.877425394941596,-1.059242369154709,-0.007620943823143137,58.94075773614442,60.063336731850406,59.99235737208735,58.86979995617591,-1.1225789947019589,58.87740360505093,58.877421110097444,58.933123557016195,-1.05923797950901,-0.007621063727558706,58.877403710352354,58.93314086606728,0.055711398381712574,-1.0668633124758309,-0.007625318359261732,0.06331504725903832,0.06333246211371071,0.05569389283747933,-1.0592553943638323,58.93311930288637,-0.007620958430713762,58.86980007607789,-1.0668808175199218,0.06331494195990177,-0.007642717602195267,59.992357267290515,-1.0668765336778037,59.999999984894856,59.99998260075692,-1.0668591334307018,60.055694013746205,58.877421110597176,0.063332462111425,0.0557113081920254,59.99999573076531,-0.007625333466699845,-1.0592597537926443,59.99237468214275,58.869800076077894,-1.059255499160809,60.05571557742901,58.86979995567131,59.99236165693391,0.06331494196204439,58.87742539494374,0.06331506287064026,58.87742101990548,58.869786825667646,-1.1301956541806877,58.93314086606728,-0.00763846347265657,-1.1225962896477768,58.86978257153797,58.86980434531701,59.99997833151994,59.99998260075922,58.86978257153567,58.94074023110019,-4.269236982372898e-06,-1.0592597532904913,-1.7414350228242833e-05,0.06331933210775989,58.86980434581702,-0.007638463974666677,58.87740799469434,0.06331504776348869,0.06333662655356696,-1.0668764429861006,-1.122596394946913,-1.7294443670667348e-05,0.06333662655357283,59.99998269095106,-2.1668480053459244e-05,0.06331495756920627,58.94075764645474,60.063336731852715,-1.1301999390272612,60.05571141349115,-1.059242263353414,59.99999573076531,-0.0076384483675041685,58.86978255592623,0.055715576926836936,60.06331495706948,60.063336611444115,-4.1634333958007535e-06,60.06333244700642,0.055715682728131946,0.0633323568144314,58.94076202049085,59.999982585147464,-1.0668632973708276,59.992379056174414,59.99237466703316
0.20353808701791543,65.05283323619194,60.00477660783138,5.149734796346808,65.0480566477985,59.90918224689049,-0.0006534075814432935,5.053486661829954,5.149734796389851,65.14364913917055,65.04740285482787,-0.09624813447381242,65.048054779568,5.048056280422805,65.05283211947453,-0.0908173767482794,-0.0006534178618568485,5.048054788596381,65.052833603525,0.004776606535908711,-0.09147116064790868,59.999346217352794,0.005428531276252531,0.00543002439814619,60.004775105638444,-0.09081886987018589,65.05283175473222,59.99934659116613,65.04740286510805,59.9085273384975,60.00542852224807,59.999344725569436,65.14364913018544,-0.09147229421270138,5.144304404616189,5.144302914127902,-0.09147080234323751,65.14907952191625,65.04805628046564,0.005430024397950217,60.00477659880319,5.144304039873901,59.99934621605751,59.909180756359326,5.143650623307122,5.0474028651080625,-0.09081887885531176,5.149081370752047,65.0474028547846,5.1436495065464705,60.00542852224825,5.048056647798697,60.00542853261476,65.04805627268988,65.047401729039,59.9030988252776,65.052833603525,59.99934509031173,-0.09624961731491197,65.0474013642967,65.04740323114582,5.144302548090325,65.14430291412809,5.047401364296502,65.05348516097536,59.99999963396242,59.909180756402385,59.99999850692136,0.005428898652355148,5.047403231188694,-0.0006549097313212067,65.04805515592903,0.005428531319503302,60.00543038145059,59.90852771356307,59.903750373656905,-1.4827980462133082e-06,0.005430381450585038,65.144302921861,-1.8578209568068514e-06,60.00542852358639,65.0534866541401,5.149734796390048,59.9030984579017,5.1490810137426495,-0.09081774403827339,5.1443040398739015,59.99934509160681,65.04740136295817,60.0047769647977,5.149732929454825,5.149734786066407,59.99999964303385,5.149734429014153,0.0047769738689447385,60.00543001536996,65.053487029163,65.14430291278957,59.90852884064717,5.14365099832963,65.14365062201165
-0.007775490681620844,7.424014873304453,6.847916252754565,60.58770242308803,7.423469755413157,66.83700675162872,59.99992543126316,60.57671831145702,60.58770242309295,67.43437904317848,67.42339514269459,59.989015888373885,67.42346954220535,60.57609858084223,67.42401474586147,-0.010364338064811827,59.99992543008992,0.5760984105907501,7.424014915225547,60.00054511996176,-0.010438949748166984,66.84729652110452,60.000619519472565,0.0006196898718904006,66.84791608132002,59.989635491535864,7.424014704236042,6.847296563765175,7.423395143867797,6.836932011614984,66.8479906510872,66.84729635085796,67.43437904215305,-0.010439079113814297,60.587082691295116,60.58708252119634,59.989561091142576,67.43499877394599,7.423469713492082,0.0006196898718680355,66.84791625172424,0.5870826496696896,6.847296520956711,66.83700658152506,0.5870080799074071,0.57602401122284,59.98963549051046,60.58762785229546,7.423395142689653,0.5870079524594963,6.8479906510872155,60.576098622768214,66.84799065227027,7.4234697126046925,67.42339501421635,66.83631249420306,7.424014915225547,66.84729639248339,-0.010984280852170871,7.423394972590922,7.423395185641072,0.5870824794230931,67.43445365384133,60.57602383994595,7.4240892728201615,6.847371090871705,66.83700658152998,66.84737096225055,0.0006195613985698624,0.5760240530010058,59.99992525983352,67.42346958515675,0.0006195194774970991,66.84799086326468,66.83693205441853,66.83638685076245,-1.6922114228638916e-07,60.00061973061974,7.434453654723826,-2.1201982648770116e-07,66.84799065123993,67.42408944322439,0.5877024230929744,6.836312452277076,60.58762781155252,-0.010364379980993533,60.587082649669696,6.84729639263119,67.42339497243816,6.847916293492583,60.587702210033,60.58770242191481,66.84737109190696,0.5877023811669894,0.0005451618828601916,6.8479908214865235,7.424089486023061,7.434453653688566,6.836932183044588,60.58700812270605,7.4343792124045205
-0.14470136216317572,59.90597266593302,-0.08673087542912435,-0.7673610887516269,59.905979570011596,-0.8465103679238608,59.24008327989665,-0.7672219717439989,-0.7673610887516893,59.14592373613189,59.146062850465285,-0.7597785475307846,-0.8539380918264217,59.23278587732669,59.146055003008755,0.00013126739294496215,-0.7599167200884851,59.99270354402133,-0.09402733459793462,-0.7599245686431543,60.00013221237188,59.15335930911633,-0.7599255109348624,59.999992151445326,59.1533514622038,-0.7597863949872476,59.90597266807431,59.91327697311438,59.905980514988784,59.91340824321876,-0.846649482244261,-0.8466406887274494,59.14592373614488,0.00013221401033501384,59.23264676033398,-0.767353237511664,59.24021454731564,59.145915887059274,59.905979570542534,59.999992151445326,59.15335146004557,59.992564425399536,-0.08672302634344992,-0.8465103657694479,59.992565369847526,-0.007295513688774551,59.24021360502574,-0.7673601442905846,59.905980515003705,-0.007434628538307657,-0.08673181770591087,-0.7672141232043135,-0.8466494822592451,-0.09402042944622893,59.146062852092506,59.15349842505084,59.90597266540206,59.153359310745344,0.00013911915086358347,-0.09401948284195041,59.90598051445971,59.992564427555756,-0.854077208834112,59.23278682394216,59.90597172364124,-0.08672397079337738,59.15348963423049,59.1533583662973,59.999992153072476,59.992704485782085,-0.7599167179321378,59.14606190762959,-7.846396574593576e-06,-0.8466494849315513,59.15349057813829,-0.8465025166968855,2.143235587279745e-09,-0.7599255136091034,-0.0941595443069389,2.6852935230060024e-09,-0.8466494822461955,59.146054056944664,59.99255657578667,59.91341609012018,-0.7673601437745633,0.00013126792382574397,-0.7673532391388165,-0.08672302471816942,-0.8539371473783661,59.91326912405491,-0.7673610860532221,59.23263891126322,-0.8466416353448395,-0.007443423682334099,-6.904635746974106e-06,-0.08673181986406829,59.905971720940954,59.90584045570617,59.91340824104755,59.23264770476712,59.90584139852695
-0.060114582857594676,-5.6803332892097504,60.00822389249315,0.07276180559803981,54.31966605613989,60.08026680493769,54.38280688660422,60.072748614409676,0.0727618055980457,-5.608264828499612,54.3917219805656,0.07204282284228447,0.08097110778879511,-5.616501167719946,54.391722724667844,-1.2446881483606613e-05,0.07205592447713378,54.31144281804495,0.00891574871491978,60.0720566686835,54.310738425640515,54.39103012439294,60.072056758032375,54.31075170633203,54.39103086844359,60.072043566944515,-5.680333289412792,-5.681025889586482,-5.680334033463635,-5.681038336725068,60.08027999587124,0.08027916206279831,54.39173517149916,-1.253664051819973e-05,54.383512023467,0.07276106113704972,54.382794439720264,-5.608264084244129,-5.68033394391047,-5.6892482936679585,-5.608969131351769,54.31145600938636,60.00822314823643,60.080266804733405,-5.6885440801669604,0.0006917665705776599,-5.6172054709310375,0.07276171604347187,54.319665966534956,60.000704957554305,0.008223981840607417,0.0727478702047289,60.08027999587266,0.008915093962791481,-5.608278019588695,54.391016933306325,54.3196667108406,54.39103012423847,-1.3191391586675591e-05,0.008915004205000136,54.319665966586534,54.31145600918191,60.08098429897717,54.383498742521205,54.31966680013913,60.008223237789956,-5.608982233140911,54.391030213791794,-5.689248293822245,54.31144272874643,60.07205592427266,-5.608277930033949,7.440017360464485e-07,60.080279996126066,54.39101767735698,0.08026606047793251,-2.0322335004782172e-10,60.07205675828594,60.00892828494759,59.999999999745384,0.08027999587143272,-5.608277185625589,54.31145675369308,54.31896091922532,0.0727617159945423,-1.244693182215624e-05,60.07276106129133,0.008223148082323278,60.080971018235445,54.31897485466776,0.07276180534217487,54.38351276772231,0.08027925182183292,60.000705791517056,6.547032046724186e-07,60.008223982045244,-5.680333199604832,-5.6803207529279875,54.31896166348082,-5.616488066084922,54.31967915767297
-0.17606286880307087,60.25032518601745,-2.6444873995333693,59.99679347820032,-2.3937997680063354,-2.647662240610595,-2.3965823054608375,57.352669076646094,-0.003206521799679515,60.247149219060105,57.60302481749469,59.99682516287143,59.99643170451674,0.24751218423176635,57.60302478470304,5.485185048278114e-07,59.996824585498764,57.60656261981511,-0.00039290589863568136,57.35269956982911,-2.3934063384923148,57.603055306731214,-2.6473004341083795,57.606593076244216,-2.3969447260581744,57.35270014720636,0.2503251860263974,0.25035570805010415,0.25032521881578784,0.25035625657993915,-2.6476628219185443,-0.0035378023002398023,-2.3969757638132534,5.524740732579156e-07,-2.396613379960758,-0.0032064889922142105,-2.3965817569422243,0.24714918626169274,0.2503252148692918,0.2507180591176227,60.24718025680622,-2.39343796151081,-2.644487366734906,-2.647662240601593,0.25068702530910164,-3.0485287859684196e-05,0.24754322199369908,-0.0032065178531214137,57.60620023594244,57.355843950528566,59.9996375794026,59.996794092315675,-2.647662821918608,-0.00039287704452801417,60.2471498003749,57.6030558880459,57.60620020314183,57.603055306738,5.813281342199171e-07,-0.00039287308901437244,-2.3937997640598314,-2.3934379615018,57.35230614032416,57.60338720531392,-2.393799800793452,-2.644487370681417,60.24718083418568,57.6030553027915,0.2507180591244219,-2.3934373762496124,57.352699602634374,0.24714979642833887,-3.27872262930267e-08,57.35233717807023,-2.3969441447434794,-0.0035372249297754878,8.955798949411224e-12,57.35269956588044,57.35548155877186,-2.644124982862188,-0.003537839045143823,0.24714976362319313,-2.3934379943114763,-2.3937686935041333,59.99679348214903,60.000000548520724,57.35266852812758,59.99963761614529,-2.64769327441016,57.60623069237833,59.996793478211615,57.60338658724085,-0.003537806255808233,57.35584391377688,-2.885195166402708e-08,57.35551259652018,60.250325182068664,0.2503246335591864,-2.3937687263025427,0.2475116068590916,-2.3938003453745185
0.2481850928103819,53.15329033937097,0.3005135220415175,53.182101104919994,60.27202595084125,60.30087430374697,60.27234215205695,-6.517426623301657,0.00036438183055613276,-6.846348750981128,-6.545876479201518,-6.817902495653822,-6.817857783942974,59.9718732793944,53.454123524524846,59.99999993766761,53.18209756995749,53.45372149300445,60.000044648931,53.4825699115225,60.27198124240778,53.45412005607112,60.30083318888051,-6.546281967994759,60.272383336707776,53.48256984591067,-0.02844638371949313,-0.02844985217271608,59.97155361255439,59.97155008549361,60.30087436980547,0.000402027791744912,0.272386863767542,59.99999993721811,0.2723456832923151,60.00036437810239,0.2723420897245489,-0.028085470343440416,59.97155361300287,59.971508971077675,-6.84635227803987,60.271984835975545,0.3005135183143749,0.30087430374594243,-0.02848750231104989,60.000003464278635,-0.028130247666129246,0.00036438138207826334,53.45376267348196,53.48221259126499,-6.818222092259717,-6.817898964866665,0.30087436980548327,4.46456520841085e-05,-6.8463488170404165,53.45411999001185,-6.54623732279065,53.45412005607035,59.99999993393919,60.00004464520259,0.27202595039277155,60.27198483597452,-6.51738538004506,53.45408233987248,60.27202595456709,0.30051351876284743,53.15364765634804,53.45412005651881,59.9715089710769,0.2719847694677979,53.482569907794584,59.9719144603186,60.00000000372586,-6.517388907103799,60.272383270648504,60.000401962180675,59.99999999999898,53.48256991197123,-6.517746227361575,0.3004723378368499,0.0004020319673520736,59.97191446404651,60.271984839702945,60.27202241960562,53.18210110447127,53.181736660756805,-6.517426560969261,-6.818222096435073,0.30087783035723065,53.453759212481984,-6.817898895081276,-6.545917589891099,0.00040202824124669484,53.48221259544137,3.2786700416339013e-09,53.48225024557943,-6.846709660180299,-0.028446320938378178,0.27202242333275944,-0.028126654994274428,0.2720260164520479
0.23195341946416767,67.48988625491741,60.04234567763885,7.493946010306053,68.49299480508084,8.497059856943594,8.493039361327954,-0.9183774658469721,5.134542841654534e-05,-0.964726230096847,59.07761363492406,59.03928216177164,59.039288462146025,68.45069997528023,67.53227697662288,68.45466333239042,67.49394551219075,67.53222032593693,68.45466963270175,67.53628538704518,68.49298850516828,67.53227648787941,68.49705406340435,-0.9224435029298672,68.49304516470058,7.53628537779976,59.99599159003964,-0.004008898703774582,8.45065493068833,8.45065443368647,68.49705986625196,5.665016054997903e-05,0.03838232052854542,68.45466333232709,60.03837651774431,68.45471468607683,60.03837601137088,-0.00395755327553847,8.450654930751524,8.450648640210716,-0.9647267270984179,68.49298901154171,0.04234567711366154,0.042396515769699925,-0.004014204024513932,8.45466382932891,59.99603613710465,60.00005134536522,67.53222612872149,7.536235036670487,-0.960762872923487,59.039282659298586,0.04239652507821957,60.00000629106596,-0.9647262394053315,7.5322764785709335,59.07756278807298,7.532276487879307,8.454663331865051,68.45466963217638,0.03833146384389525,8.492989011541564,-0.9183716542161455,67.53227117325004,8.492994805605852,0.042345677176856264,67.48993660482985,67.5322764879425,68.4506486402106,60.03832566099628,7.536285386519887,8.450705778127727,68.45466334169876,-0.9183721512177153,8.493045155392098,68.45471998208897,8.454663341173605,67.53628538710842,59.08157749840754,60.0423398743291,60.00005665074894,68.45070577865303,68.49298901206693,8.492994307490699,7.493946010242822,67.49389465609427,-0.9183774570636489,-0.9607628735118408,0.04239701270821955,7.532225641028335,-0.960717330867878,-0.9223921580266118,60.0000566502239,67.53623503725898,60.000000000461995,67.53624034257967,-0.9647770861931093,59.99599159888618,60.03833096684214,59.99603664335183,60.03833147315238
-0.01662774558924811,8.852786847606154,7.875877670125643,0.982996273339759,8.984366654187339,61.11457677467031,61.114049398011645,-0.12046545641044945,6.7350851897098395e-06,-0.1265451189098687,67.74933178876275,7.744303770785492,67.74430459721852,8.978818754586998,8.858347325544397,8.979338636270679,8.853319308710992,8.858339894557687,8.97933946269544,8.85887311696346,68.98436582781487,8.85834726143491,68.98489911542993,59.87900119316318,8.984373259961982,60.98855001504068,67.86979730935157,59.999474144532044,61.108489745285425,1.108489680092672,68.98489987660136,60.0000074309178,60.00503468773191,8.97933863626237,7.8753570272788345,68.97934537243908,67.87535696085679,-0.0005191203827793515,61.10848974529371,61.10848892015057,59.87345481589742,8.984365894236925,60.0055545693467,0.005561237957531445,-0.0005265513777515866,61.10901560074509,7.869803152681481,7.870329835786939,68.85834065572085,60.98854341169148,59.87397476278209,7.744303836047119,0.005561239178549064,7.870323925922067,-0.12654512013088168,0.9880241595038612,67.74932511907697,60.98802416072486,61.109015535491736,8.979339462626529,60.00502801675624,1.114042793526868,59.87953530591308,8.858346564304073,1.1140435535461684,0.005554569355003692,8.852793452107473,8.858347261443187,68.97881202086059,67.87535035629485,60.98855001618451,61.10849641504837,68.97933863749167,-0.12046475927962595,61.11405015803093,68.97934606712786,1.1090155367127492,68.85887311697175,67.74985173686845,67.8758769088936,7.8703305317050045,68.97881951582731,68.98436589430581,1.1140434882073815,60.98299627333147,68.85331263781248,-0.12046545525832289,-0.12602523729507992,60.00556130314199,0.988017491039096,59.87398073662696,59.87900792817949,7.8703305316361325,8.8588665124787,67.87032310077063,68.8588672083885,59.87344821019164,67.86979731051198,7.875351052273541,7.869803219086963,67.87535111868729
-0.10038961723841643,59.84085657274444,59.85841812452446,59.98232902264431,-0.16150879103730953,-1.0986351948396362,58.901374285624584,0.002165565028174963,-1.2107425135152352e-07,60.00227485697697,-1.2179058460051662,59.86078338211382,-1.2178154739555966,59.83859094159736,-0.15924338600656435,59.838581595867666,59.84084700087894,59.840756747577664,59.838581581011326,59.84074716202652,-1.2401076173948353,-0.15924338485409073,58.759882795881765,-1.0764236883322265,59.83849109021302,58.90363034377534,58.77992858781295,-1.0785893880946258,-1.0985257704589533,59.980073071925915,-1.2401172178015392,58.92140102520408,-1.0786893480188238,59.83858159586781,59.85842748393731,58.759982633561,58.779828643918435,9.332044055263704e-06,58.90147422954091,58.90147424437421,58.92367601693598,-0.1615087773759489,58.921301306252715,-9.997241361171317e-05,60.00000946562844,-1.0985352235771104,-0.14147267601760208,-0.14148214401405595,58.76215789268156,58.903630462481416,58.92366667003418,-0.1392166190593548,-9.997243556151628e-05,59.858517962225505,60.0022748569989,-0.01776136189218743,58.78209427389342,-1.0963602031270687,-1.098535222404074,59.83858158101256,-1.0786892280970468,59.979973245564004,-1.0764332898887783,-0.15924337232201555,59.9799732319014,59.9999001474655,59.840856454017654,59.840756615145764,-1.2400077785657484,58.779828762646304,58.90363034375478,-1.0985258903589297,58.75998275463279,60.002165552496095,58.901374271961984,58.75998262107284,-0.019936381213091815,-1.2378516791865675,-1.2179151929289045,58.779819296995925,-0.14148215652432963,58.75999208669988,58.759892381409884,-0.02002676692402158,-1.0962698185684645,-1.2377517204136044,0.00216556500746359,0.0022655112485009668,-1.0786988147983416,-0.01776124201554796,58.92366656264448,-1.0764238094052394,-0.14148215652309154,-0.15925271924699289,-1.220080864153975,58.762148427029956,58.92367613568442,-1.2200714122079133,59.85842759134788,59.858527322788646,58.77982874894106
-0.04825106705502784,55.91683273548398,55.91563444459295,-4.092820463172367,0.011020353756023407,60.074964021575475,-4.01906284589533,-0.00014776466679543068,60.00000000826135,-4.094181442651521,60.08310230779577,55.9154730541498,60.0830961413701,-4.083012671960658,0.01086577662942155,55.916987965733725,-4.083166611391557,55.91683954693148,55.91698796674743,55.91684020098977,60.08461721836598,60.01086577655078,55.990591651921264,60.073448446741466,55.916994141275765,55.98078321475093,-4.010776148041699,0.07359622060169937,0.07495655513741811,55.907333468850865,0.08461787343793215,55.97957065415548,60.073603041244226,-4.083012034266294,55.91563380596492,55.99058483962001,55.98923067150706,59.99999936323945,-4.019069665445563,55.98093033354231,-4.020584577107883,0.01102035282385726,-4.020422541644492,6.821494711022027e-06,-4.094026866458508,0.07495720015931148,60.0096532140852,0.0096538601222974,55.99043641348874,-4.019216793348833,55.979416060666466,60.009499274812825,60.0000068214962,-4.084372367709819,-4.094181442653018,60.00121192468832,-4.010923920968349,0.07480879031343192,60.07495720007928,55.91698796674734,0.07360303306149561,55.90734028037991,60.07344910189189,60.01086577569567,-4.092659718687838,-4.094019407268084,-4.0831672564148525,-4.083160444032197,60.084610405986254,55.9892306634058,55.98078321475233,60.07495656331864,55.99058483135882,-4.0941739843946765,-4.019062844963079,-4.009415159527884,0.0013603344571656009,60.08446328719638,60.083102945571625,-4.01076869071719,60.00965386097592,55.99058419459671,55.990590997864544,0.001366501815007475,60.07480262303422,60.084456466632425,59.99985223533462,-0.0001545843742398111,60.07360368719827,0.0012119165086962272,55.979416067994066,60.073448455002755,0.009653860975836061,0.010866413471605508,0.08325071748463216,-4.0095629406341695,-4.020584585210537,60.08325007254271,-4.0843662013641095,-4.084373006416335,55.989230664340965
-0.1041807757213896,57.933837230621364,-2.0661184917630306,60.151232336473015,59.99959279087312,-2.219808382572658,0.14850694529256261,5.4599990419095495e-06,-2.217038414286265,0.15128262553610963,-2.2201090974588977,-2.066112528282829,-2.2201088696055207,60.150869932308474,-0.0004014974030860766,-2.0661685052357517,60.15087562046898,-2.0661630210659863,-2.066168505273208,-2.0661630452338584,57.77983492562564,-2.2174399113811827,57.93111179143611,57.78024761888778,57.933831266574025,-2.068525780530762,60.14820074650145,59.99728057253004,-0.0027696927019890175,57.934188234605195,59.99687331540131,57.93151902435957,-2.2197580934780734,0.15086990874525155,57.933881531834686,57.931112043155004,57.93116208053376,-2.217038390452293,60.148507197279315,-2.0685312166642937,60.14856317423513,59.999592790907556,0.14855718692101624,59.99999974794141,0.15127691384681305,59.99723028346404,-2.217395106421757,59.99964328368776,-2.0688824724044204,60.14851263374955,57.93152473668795,57.78261058173291,-2.2170386660396546,60.15092017393691,60.15128262553617,-2.2170831953741508,0.14820620680570223,-0.002764232697138808,57.78019186948599,57.933831494726796,59.997280320805274,-2.0658120170851615,-2.219752405320447,-2.217439911349586,60.151226396861404,0.1512766382249513,0.15087564430301917,0.15087539258111846,-2.2201648226525696,-2.068837919166895,-2.068525780530814,57.7801918930147,-2.0688879565397422,0.1512823499487442,0.1485069452581154,0.14815045710451816,59.99994973477088,-2.220159386519094,-2.2201091210251236,0.14820047094853833,57.78260486967521,57.931112066989016,57.93111181560392,59.99994950688305,57.78019758120678,57.77984086550511,-2.2170329539820135,5.711991598181277e-06,-2.219758117346489,59.99995521890909,57.93152473641719,-2.2197523814174795,59.99964328365622,-0.00040152093481250127,-0.0030761673109151568,60.148155917711016,0.14856317453452728,-2.2201145574609007,60.15091994608649,60.15092019753753,57.93116208079854
-0.029260589486911237,-4.084825959766683,0.1456788442566123,-4.24117108593856,55.76952078572063,0.15651528261013886,-0.010470996818696385,59.99999961502384,60.156319976396965,-0.010666705773201123,60.15653648555529,60.14567842378077,60.156536469489716,-4.241145533377051,60.00002830896577,60.14568237062983,-4.241145934440521,0.14568198394943044,0.1456823706324658,0.14568198565347007,55.926032506431696,60.156348285341,-4.0846337932321015,-4.0739965919369245,55.91517446074914,0.1458485784934787,-4.240957333181844,-4.2303161833122624,0.00019528678213776458,-4.084850708518945,-4.230287468237079,-4.084662506600608,0.1565117368032517,59.98936239425438,55.91517091662274,55.91536618901959,-4.084637339039204,60.15631997471647,55.75902105944408,60.1458489617869,55.75901711259482,55.7695207857182,-0.010474539278819498,-4.230507908197761,-0.010666303050753789,55.76968736249261,0.1563451262120732,-4.2304827744502544,0.14587372829012274,-4.240979323873094,-4.084662909368117,55.92583679917899,0.1563199941477129,-4.241149075837174,55.758825368256765,60.15632313384276,-0.010449792209491267,60.00019490180558,55.92600733886785,55.91517444466243,-4.230316165563537,0.14565723519738172,0.15651133573998632,60.15634828533878,55.75882933285434,59.98933371638292,59.989361989849,59.98936200759753,0.1565404146531922,0.14587058690971472,60.145848578493485,55.926007337208866,60.145874114968095,-0.010666686341958893,59.98952900318373,59.989554138616384,-4.230504381845855,60.156540031359754,0.15653648721691882,-0.010449387783004702,-4.074162798072586,-4.084633812660915,-4.084633794936137,55.76949563422215,55.92600693614317,55.9260320876199,0.15631959139929408,-4.027437621530014e-07,60.156511738486174,-4.230504768524026,55.91533709065098,60.15651133405463,55.76951722555198,2.8310624952786344e-05,60.000216895836516,-4.240954172372622,59.98952503854374,0.15653687053166293,-4.24114905977179,55.75885092249878,-4.084637339057874
0.047077418738670745,60.10439325699866,-0.0037230200692851445,60.10838886834115,-1.4252655984414058,-0.003999959920611014,0.00026760049820794815,58.46661878830977,58.462623809865235,0.00027260210546999156,-1.5373817233193818,-1.5371042308522604,58.462618277091195,60.10838821531085,-1.5333819450027462,-1.537104331719331,60.108388225560574,-0.003723100308385289,-0.0037231101905937083,-0.003723100351934329,-1.4292654673328644,-1.5373769136081408,60.104388345922736,0.10411649784414047,58.571012024723004,-0.0037273578574761688,0.1083834056000986,0.10811145661034045,59.99999500918193,60.10439388948654,60.108110722757715,0.1043890797317358,59.99600013069729,58.46689063688606,-1.4289878847020479,58.57100712484751,60.10438843654063,-1.5373761900918066,58.575002736276986,58.46289141081813,-1.4249971628559361,58.57473440155864,60.00026769103058,0.10811635639932583,60.00027259181336,-1.4252698555363075,-0.003995611343519065,0.10811571407238499,59.99627199940543,60.10838396760198,60.104389090024995,58.57073953423092,59.996005030940395,60.10838830584322,-1.4249922625698144,-1.5373762708275551,0.00026705858571519843,58.46661379749172,-1.429264824141701,58.57101202513412,60.108111456156756,59.99627753217948,-0.00399985905300142,-1.5373769136080833,-1.4249923638904722,58.46689136978789,-1.5331093527788058,-1.533109353232393,-0.004000602203992292,-0.0037279203123457014,-1.5371085793862809,-1.4292648240993038,-1.537109232005458,0.0002726016088782924,-1.533113621030659,58.46688573659933,60.10811626627863,-1.5373818139372144,-0.004000501833041787,60.00026704825005,60.10412074546693,0.10438834641926419,0.1043883459662835,58.57473504433918,58.57073518615047,58.570734543370435,-0.0039949587668122195,1.0292662032887928e-08,58.46261890912548,0.10811627616071341,58.57100786849571,-1.5373810805387342,58.57473449254353,-7.235163445391231e-07,-1.533386764595517,60.10838332482133,58.46688648029108,59.99599948837083,0.10838830543264347,58.57500708435694,60.1043884365411
0.3497963772852074,1.2169006675800895,59.99992462205569,61.216981564530315,59.97114342955254,-8.098499350741484e-05,5.417960439623907e-06,1.1837415466524184,61.18366066251612,60.000005519225226,59.96887347589662,59.96887909413432,1.1836605504970832,1.216981551308776,59.968954457213286,-0.031120907907870723,1.2169815515162963,-7.537956886727475e-05,59.99992462023106,59.99992462043025,59.97106244640206,59.9688735732762,61.216900568148226,0.002107989597214383,61.18585513922359,-7.546576912735882e-05,0.002194379337054632,60.00218887333509,61.214786973545785,61.21690068038572,61.216975933069335,0.002113508413111362,61.21470609143333,61.18374705062137,59.97106806646525,61.18585504001849,1.216900569982921,-0.031126412075154097,1.185935936970482,1.1836660804857686,-0.028851135579464532,61.18593050414469,61.21479249438555,0.0021889725384316495,61.214792593609005,59.971143343361476,-8.089695025334539e-05,60.002188959533584,61.214711595809874,1.2169814653077453,61.21690058321367,61.18584962225811,61.21470619064586,1.216981553141735,-0.028851036366060488,59.968873586290236,60.000005406988635,1.1837414456060638,59.97106245942439,1.1858551392319023,1.2169759479180562,61.21471170782892,-8.098295129627517e-05,59.9688735732762,59.971148961582564,1.1837470654600248,-0.031040023761533746,59.968959976229286,59.99991900200253,59.99992452284316,-0.031120993908052518,59.97106245942524,59.96887899287873,60.00000551921518,-0.031040110178486797,61.18374695140794,1.2169760453059542,59.96887347406194,59.99991900403468,61.21479248137152,1.2168951501886494,0.0021134935661361594,60.00211349355696,61.18593051715872,61.185849534224914,61.1858495212109,-8.088373789086778e-05,60.00000000020839,1.1836605632935344,60.00218897091388,1.1858550550747256,59.96887348891065,61.18593050598681,59.999999985351366,59.96895435963364,1.2169814522937183,1.183746966465066,61.21470607842849,60.00219447854127,61.18593602500368,61.216900569982926
