forecast_horizon,context_window,rmse,mae,forecast,actual
4,1,0.3600946459462631,0.3143605379218426,"[np.float64(2.960466929352886), np.float64(2.9458319998173637), np.float64(2.9317054463119288), np.float64(2.918069609292178)]","[np.float64(2.923565791719739), np.float64(2.591226929948028), np.float64(2.4075134727031213), np.float64(2.5763256387160975)]"
4,2,0.1971794789978543,0.1761084899186509,"[np.float64(2.838965117773257), np.float64(2.7672923557360645), np.float64(2.7266026566552357), np.float64(2.7010043147040683)]","[np.float64(2.923565791719739), np.float64(2.591226929948028), np.float64(2.4075134727031213), np.float64(2.5763256387160975)]"
4,4,0.2203868901146893,0.1988886290824935,"[np.float64(2.8273348422088813), np.float64(2.7870833627997103), np.float64(2.7590513730393007), np.float64(2.7282548723473523)]","[np.float64(2.923565791719739), np.float64(2.591226929948028), np.float64(2.4075134727031213), np.float64(2.5763256387160975)]"
4,6,0.2294800952442077,0.203659327505709,"[np.float64(2.8448257146135325), np.float64(2.8065685644416325), np.float64(2.774053616231229), np.float64(2.730341093611015)]","[np.float64(2.923565791719739), np.float64(2.591226929948028), np.float64(2.4075134727031213), np.float64(2.5763256387160975)]"
4,12,0.1083247083806318,0.095604336398778,"[np.float64(2.8060257606396184), np.float64(2.6319537729027322), np.float64(2.5758955383943567), np.float64(2.6320940445851497)]","[np.float64(2.923565791719739), np.float64(2.591226929948028), np.float64(2.4075134727031213), np.float64(2.5763256387160975)]"
4,24,0.768525797984436,0.7224421383594233,"[np.float64(2.570293121109443), np.float64(1.974441148217257), np.float64(1.5332676862530321), np.float64(1.5308613240695612)]","[np.float64(2.923565791719739), np.float64(2.591226929948028), np.float64(2.4075134727031213), np.float64(2.5763256387160975)]"
16,1,0.3832438566921211,0.3344399130601035,"[np.float64(3.0348000661327794), np.float64(3.016977000994739), np.float64(2.9997704536383725), np.float64(2.9831590980924068), np.float64(2.967122346072404), np.float64(2.9516403214634295), np.float64(2.936693835685392), np.float64(2.9222643639105192), np.float64(2.908334022103498), np.float64(2.894885544855816), np.float64(2.8819022639868384), np.float64(2.8693680878850927), np.float64(2.857267481564162), np.float64(2.8455854474084625), np.float64(2.8343075065850445), np.float64(2.8234196810983794)]","[np.float64(3.271780511700916), np.float64(3.718721312697109), np.float64(3.6940551594278217), np.float64(3.2457874929078154), np.float64(3.13948193190645), np.float64(3.323159712461349), np.float64(3.1059809026621767), np.float64(3.1657429794798695), np.float64(3.475131237075133), np.float64(3.3577311967053025), np.float64(3.2502101428971746), np.float64(2.9756285299816096), np.float64(2.923565791719739), np.float64(2.591226929948028), np.float64(2.4075134727031213), np.float64(2.5763256387160975)]"
16,2,0.8987764187045391,0.8041719775794357,"[np.float64(2.559937394616014), np.float64(2.3420379153343482), np.float64(2.255339742217847), np.float64(2.230290518380756), np.float64(2.23342905534527), np.float64(2.2487305234524837), np.float64(2.2685869377224726), np.float64(2.2894469382737173), np.float64(2.309708579078566), np.float64(2.3287015034122525), np.float64(2.346195812439153), np.float64(2.3621655298092152), np.float64(2.376675091086814), np.float64(2.3898252416044583), np.float64(2.401727587129078), np.float64(2.412492931816295)]","[np.float64(3.271780511700916), np.float64(3.718721312697109), np.float64(3.6940551594278217), np.float64(3.2457874929078154), np.float64(3.13948193190645), np.float64(3.323159712461349), np.float64(3.1059809026621767), np.float64(3.1657429794798695), np.float64(3.475131237075133), np.float64(3.3577311967053025), np.float64(3.2502101428971746), np.float64(2.9756285299816096), np.float64(2.923565791719739), np.float64(2.591226929948028), np.float64(2.4075134727031213), np.float64(2.5763256387160975)]"
16,4,0.7715289919185949,0.6911618745408927,"[np.float64(2.6430090872342125), np.float64(2.5584053639559463), np.float64(2.4884404248486964), np.float64(2.429111362639017), np.float64(2.4075747162419217), np.float64(2.4058594181824735), np.float64(2.4078863150309333), np.float64(2.41152210599906), np.float64(2.4170442364664506), np.float64(2.423334145521671), np.float64(2.429509766820309), np.float64(2.435374572260874), np.float64(2.4409079038884482), np.float64(2.4460660118915047), np.float64(2.4508281760400097), np.float64(2.4552087499876802)]","[np.float64(3.271780511700916), np.float64(3.718721312697109), np.float64(3.6940551594278217), np.float64(3.2457874929078154), np.float64(3.13948193190645), np.float64(3.323159712461349), np.float64(3.1059809026621767), np.float64(3.1657429794798695), np.float64(3.475131237075133), np.float64(3.3577311967053025), np.float64(3.2502101428971746), np.float64(2.9756285299816096), np.float64(2.923565791719739), np.float64(2.591226929948028), np.float64(2.4075134727031213), np.float64(2.5763256387160975)]"
16,6,0.9699146032634384,0.8936680775260308,"[np.float64(2.561434093474058), np.float64(2.4361070692994864), np.float64(2.339469996324272), np.float64(2.2126223810945125), np.float64(2.1307918934970953), np.float64(2.1117110160253563), np.float64(2.120433542014779), np.float64(2.132983267232684), np.float64(2.1487114043278503), np.float64(2.1708578916844217), np.float64(2.197176895814199), np.float64(2.2238588782940245), np.float64(2.2493174911130827), np.float64(2.2735387454019813), np.float64(2.2964896164939943), np.float64(2.3178495204814227)]","[np.float64(3.271780511700916), np.float64(3.718721312697109), np.float64(3.6940551594278217), np.float64(3.2457874929078154), np.float64(3.13948193190645), np.float64(3.323159712461349), np.float64(3.1059809026621767), np.float64(3.1657429794798695), np.float64(3.475131237075133), np.float64(3.3577311967053025), np.float64(3.2502101428971746), np.float64(2.9756285299816096), np.float64(2.923565791719739), np.float64(2.591226929948028), np.float64(2.4075134727031213), np.float64(2.5763256387160975)]"
16,12,2.4702634183942105,2.3875112551321607,"[np.float64(2.4115794558778956), np.float64(2.0496992962025287), np.float64(1.6526455601246566), np.float64(1.1994202193009416), np.float64(1.0139872906858245), np.float64(0.818550282475123), np.float64(0.43379234796872157), np.float64(0.34921201478834407), np.float64(0.22980197688634635), np.float64(0.06257694056520496), np.float64(0.018553721056502548), np.float64(0.12352130592781058), np.float64(0.23583047933031695), np.float64(0.3083404563159505), np.float64(0.46400479593520827), np.float64(0.6503467174337705)]","[np.float64(3.271780511700916), np.float64(3.718721312697109), np.float64(3.6940551594278217), np.float64(3.2457874929078154), np.float64(3.13948193190645), np.float64(3.323159712461349), np.float64(3.1059809026621767), np.float64(3.1657429794798695), np.float64(3.475131237075133), np.float64(3.3577311967053025), np.float64(3.2502101428971746), np.float64(2.9756285299816096), np.float64(2.923565791719739), np.float64(2.591226929948028), np.float64(2.4075134727031213), np.float64(2.5763256387160975)]"
16,24,2.5055499609041405,2.3785726145461723,"[np.float64(2.7156899122517313), np.float64(2.478603794033681), np.float64(2.04587908555775), np.float64(1.5649933603735289), np.float64(1.3481956705014222), np.float64(1.3174032049472952), np.float64(0.7758664920884046), np.float64(0.3443982949167723), np.float64(0.3828962903415323), np.float64(-0.0456395415570614), np.float64(-0.1427796335895497), np.float64(0.019459835328010877), np.float64(0.03841706427712288), np.float64(-0.17000386903664322), np.float64(-0.2790971273319145), np.float64(-0.22940172285112403)]","[np.float64(3.271780511700916), np.float64(3.718721312697109), np.float64(3.6940551594278217), np.float64(3.2457874929078154), np.float64(3.13948193190645), np.float64(3.323159712461349), np.float64(3.1059809026621767), np.float64(3.1657429794798695), np.float64(3.475131237075133), np.float64(3.3577311967053025), np.float64(3.2502101428971746), np.float64(2.9756285299816096), np.float64(2.923565791719739), np.float64(2.591226929948028), np.float64(2.4075134727031213), np.float64(2.5763256387160975)]"
28,1,3.9410749787785497,3.634006036221465,"[np.float64(8.923157648124318), np.float64(8.857408372952259), np.float64(8.792485399124978), np.float64(8.728378342133892), np.float64(8.66507694797731), np.float64(8.602571091520286), np.float64(8.540850774875098), np.float64(8.479906125802072), np.float64(8.419727396130506), np.float64(8.360304960199434), np.float64(8.301629313317997), np.float64(8.24369107024515), np.float64(8.186480963688485), np.float64(8.129989842821914), np.float64(8.074208671821983), np.float64(8.019128528422584), np.float64(7.964740602487827), np.float64(7.911036194602843), np.float64(7.85800671468231), np.float64(7.805643680596451), np.float64(7.753938716814313), np.float64(7.702883553064085), np.float64(7.652470023010265), np.float64(7.602690062947438), np.float64(7.55353571051048), np.float64(7.504999103400967), np.float64(7.45707247812959), np.float64(7.409748168774379)]","[np.float64(8.44981874600173), np.float64(8.218806476800756), np.float64(8.198271549945783), np.float64(7.751940788759694), np.float64(7.119465995215209), np.float64(6.411498247913173), np.float64(6.362123304649601), np.float64(5.965522694923292), np.float64(4.9350902268451495), np.float64(4.941059134795187), np.float64(4.120689595996701), np.float64(3.0532617391422274), np.float64(3.271780511700916), np.float64(3.718721312697109), np.float64(3.6940551594278217), np.float64(3.2457874929078154), np.float64(3.13948193190645), np.float64(3.323159712461349), np.float64(3.1059809026621767), np.float64(3.1657429794798695), np.float64(3.475131237075133), np.float64(3.3577311967053025), np.float64(3.2502101428971746), np.float64(2.9756285299816096), np.float64(2.923565791719739), np.float64(2.591226929948028), np.float64(2.4075134727031213), np.float64(2.5763256387160975)]"
28,2,0.908557373753922,0.7675224175092864,"[np.float64(8.914099270998177), np.float64(8.608911023924977), np.float64(8.216553639380596), np.float64(7.80306216993449), np.float64(7.3982291143581875), np.float64(7.014708104537506), np.float64(6.657110038894558), np.float64(6.326329062562571), np.float64(6.021595250461816), np.float64(5.7414442990888865), np.float64(5.484171639780697), np.float64(5.248041426898179), np.float64(5.031379283806339), np.float64(4.832610200267483), np.float64(4.650270803552061), np.float64(4.483009891770786), np.float64(4.329583811107117), np.float64(4.188849778376618), np.float64(4.059758594137325), np.float64(3.9413474047412453), np.float64(3.832732799126782), np.float64(3.7331043508430084), np.float64(3.6417186343496537), np.float64(3.557893707761973), np.float64(3.481004038423123), np.float64(3.4104758418055123), np.float64(3.345782802947771), np.float64(3.2864421504007915)]","[np.float64(8.44981874600173), np.float64(8.218806476800756), np.float64(8.198271549945783), np.float64(7.751940788759694), np.float64(7.119465995215209), np.float64(6.411498247913173), np.float64(6.362123304649601), np.float64(5.965522694923292), np.float64(4.9350902268451495), np.float64(4.941059134795187), np.float64(4.120689595996701), np.float64(3.0532617391422274), np.float64(3.271780511700916), np.float64(3.718721312697109), np.float64(3.6940551594278217), np.float64(3.2457874929078154), np.float64(3.13948193190645), np.float64(3.323159712461349), np.float64(3.1059809026621767), np.float64(3.1657429794798695), np.float64(3.475131237075133), np.float64(3.3577311967053025), np.float64(3.2502101428971746), np.float64(2.9756285299816096), np.float64(2.923565791719739), np.float64(2.591226929948028), np.float64(2.4075134727031213), np.float64(2.5763256387160975)]"
28,4,1.6518826173734638,1.4956103140644283,"[np.float64(8.938076889661366), np.float64(8.622549005077504), np.float64(8.301220093610677), np.float64(8.013114774090898), np.float64(7.736817779439415), np.float64(7.468336504962006), np.float64(7.212359022165212), np.float64(6.970436877617937), np.float64(6.7416491893346), np.float64(6.52503568586005), np.float64(6.319987022617214), np.float64(6.125952088716104), np.float64(5.942350299133452), np.float64(5.7686142408160475), np.float64(5.604212178801582), np.float64(5.448643933574865), np.float64(5.301435473455396), np.float64(5.162137516565054), np.float64(5.030324892248579), np.float64(4.905595374342191), np.float64(4.787568363258881), np.float64(4.675883694265897), np.float64(4.570200550880333), np.float64(4.470196432444056), np.float64(4.375566169317288), np.float64(4.286020990378439), np.float64(4.201287641788665), np.float64(4.121107553358501)]","[np.float64(8.44981874600173), np.float64(8.218806476800756), np.float64(8.198271549945783), np.float64(7.751940788759694), np.float64(7.119465995215209), np.float64(6.411498247913173), np.float64(6.362123304649601), np.float64(5.965522694923292), np.float64(4.9350902268451495), np.float64(4.941059134795187), np.float64(4.120689595996701), np.float64(3.0532617391422274), np.float64(3.271780511700916), np.float64(3.718721312697109), np.float64(3.6940551594278217), np.float64(3.2457874929078154), np.float64(3.13948193190645), np.float64(3.323159712461349), np.float64(3.1059809026621767), np.float64(3.1657429794798695), np.float64(3.475131237075133), np.float64(3.3577311967053025), np.float64(3.2502101428971746), np.float64(2.9756285299816096), np.float64(2.923565791719739), np.float64(2.591226929948028), np.float64(2.4075134727031213), np.float64(2.5763256387160975)]"
28,6,1.3516251118242018,1.2091477148240788,"[np.float64(8.972550312760157), np.float64(8.612741373749365), np.float64(8.251008695257168), np.float64(7.959293962747189), np.float64(7.664871454941671), np.float64(7.348557828997396), np.float64(7.0418581628194765), np.float64(6.7613421237709295), np.float64(6.500616517986743), np.float64(6.25314198765663), np.float64(6.019635692868015), np.float64(5.801750719952792), np.float64(5.5986052743635195), np.float64(5.408501401000036), np.float64(5.230487554449648), np.float64(5.064054960282968), np.float64(4.908553188743665), np.float64(4.763201408802894), np.float64(4.627295750252454), np.float64(4.500240168536616), np.float64(4.3814774536548144), np.float64(4.270464250733612), np.float64(4.166688330212217), np.float64(4.069677728257251), np.float64(3.9789938064327024), np.float64(3.894224499190407), np.float64(3.814983335246164), np.float64(3.7409095153859218)]","[np.float64(8.44981874600173), np.float64(8.218806476800756), np.float64(8.198271549945783), np.float64(7.751940788759694), np.float64(7.119465995215209), np.float64(6.411498247913173), np.float64(6.362123304649601), np.float64(5.965522694923292), np.float64(4.9350902268451495), np.float64(4.941059134795187), np.float64(4.120689595996701), np.float64(3.0532617391422274), np.float64(3.271780511700916), np.float64(3.718721312697109), np.float64(3.6940551594278217), np.float64(3.2457874929078154), np.float64(3.13948193190645), np.float64(3.323159712461349), np.float64(3.1059809026621767), np.float64(3.1657429794798695), np.float64(3.475131237075133), np.float64(3.3577311967053025), np.float64(3.2502101428971746), np.float64(2.9756285299816096), np.float64(2.923565791719739), np.float64(2.591226929948028), np.float64(2.4075134727031213), np.float64(2.5763256387160975)]"
28,12,1.1966825338881977,0.9432615680033648,"[np.float64(8.94291695045922), np.float64(8.605329966922644), np.float64(8.201564655447108), np.float64(7.756241557443151), np.float64(7.265808330264078), np.float64(6.8110515106516845), np.float64(6.420608851376844), np.float64(5.83712069057079), np.float64(5.354937460345651), np.float64(4.949613959240679), np.float64(4.464747246206178), np.float64(3.9267917968103916), np.float64(3.4504089412191483), np.float64(3.043661241492817), np.float64(2.6642803190515174), np.float64(2.334969082369396), np.float64(2.0664781533691476), np.float64(1.7961861423232333), np.float64(1.5765551461494964), np.float64(1.417281494583658), np.float64(1.2811120111411862), np.float64(1.1612008470658721), np.float64(1.0892124088149522), np.float64(1.0648972190532382), np.float64(1.0641330737282009), np.float64(1.0871657274454547), np.float64(1.1376647775805493), np.float64(1.1987577959990163)]","[np.float64(8.44981874600173), np.float64(8.218806476800756), np.float64(8.198271549945783), np.float64(7.751940788759694), np.float64(7.119465995215209), np.float64(6.411498247913173), np.float64(6.362123304649601), np.float64(5.965522694923292), np.float64(4.9350902268451495), np.float64(4.941059134795187), np.float64(4.120689595996701), np.float64(3.0532617391422274), np.float64(3.271780511700916), np.float64(3.718721312697109), np.float64(3.6940551594278217), np.float64(3.2457874929078154), np.float64(3.13948193190645), np.float64(3.323159712461349), np.float64(3.1059809026621767), np.float64(3.1657429794798695), np.float64(3.475131237075133), np.float64(3.3577311967053025), np.float64(3.2502101428971746), np.float64(2.9756285299816096), np.float64(2.923565791719739), np.float64(2.591226929948028), np.float64(2.4075134727031213), np.float64(2.5763256387160975)]"
28,24,1.7441239654795122,1.502863631205807,"[np.float64(9.293367621514104), np.float64(9.671867426480638), np.float64(9.950075543304317), np.float64(9.639602898646515), np.float64(9.081252499557111), np.float64(8.781088687585285), np.float64(8.603743292438033), np.float64(8.267160654697614), np.float64(7.721469013252307), np.float64(7.474392788685641), np.float64(7.001070795687607), np.float64(6.54784162367729), np.float64(6.045540327502058), np.float64(5.53057251475813), np.float64(4.883300374054434), np.float64(4.56560875592094), np.float64(4.491844868389024), np.float64(4.2889019952513046), np.float64(3.962836385942657), np.float64(3.5075244568910904), np.float64(3.280922225268687), np.float64(2.965180033299445), np.float64(2.6796877737252434), np.float64(2.352042472114965), np.float64(2.102413035838576), np.float64(1.84401459334505), np.float64(1.769080640854165), np.float64(1.60061451154158)]","[np.float64(8.44981874600173), np.float64(8.218806476800756), np.float64(8.198271549945783), np.float64(7.751940788759694), np.float64(7.119465995215209), np.float64(6.411498247913173), np.float64(6.362123304649601), np.float64(5.965522694923292), np.float64(4.9350902268451495), np.float64(4.941059134795187), np.float64(4.120689595996701), np.float64(3.0532617391422274), np.float64(3.271780511700916), np.float64(3.718721312697109), np.float64(3.6940551594278217), np.float64(3.2457874929078154), np.float64(3.13948193190645), np.float64(3.323159712461349), np.float64(3.1059809026621767), np.float64(3.1657429794798695), np.float64(3.475131237075133), np.float64(3.3577311967053025), np.float64(3.2502101428971746), np.float64(2.9756285299816096), np.float64(2.923565791719739), np.float64(2.591226929948028), np.float64(2.4075134727031213), np.float64(2.5763256387160975)]"
40,1,2.571907728395576,1.8870879167067776,"[np.float64(5.1389065955826165), np.float64(4.973136361334989), np.float64(4.8171659356558685), np.float64(4.670415985057461), np.float64(4.532341424403631), np.float64(4.402429392256379), np.float64(4.280197345913376), np.float64(4.165191269060825), np.float64(4.056983985384174), np.float64(3.955173571872798), np.float64(3.8593818659250583), np.float64(3.769253060708558), np.float64(3.684452383558226), np.float64(3.6046648525033), np.float64(3.5295941063044785), np.float64(3.4589613036555495), np.float64(3.3925040874607166), np.float64(3.3299756103405502), np.float64(3.2711436177469277), np.float64(3.2157895852812985), np.float64(3.163707907011947), np.float64(3.1147051317753545), np.float64(3.068599244624996), np.float64(3.025218990758595), np.float64(2.984403239412646), np.float64(2.946000385361471), np.float64(2.909867785797743), np.float64(2.875871230502844), np.float64(2.843884443339062), np.float64(2.813788613211984), np.float64(2.7854719527608993), np.float64(2.7588292831380206), np.float64(2.7337616433342355), np.float64(2.7101759226002784), np.float64(2.6879845145979893), np.float64(2.6671049919970518), np.float64(2.6474598003085346), np.float64(2.6289759698180206), np.float64(2.611584844548332), np.float64(2.595221827245115)]","[np.float64(5.257577164793664), np.float64(5.175312107215287), np.float64(5.361010344257179), np.float64(6.2190440693335995), np.float64(6.862530903236934), np.float64(7.176580599606877), np.float64(7.569766644572949), np.float64(7.948919315737355), np.float64(8.547431203050081), np.float64(8.251859404990402), np.float64(8.532996587844375), np.float64(8.989743741317646), np.float64(8.44981874600173), np.float64(8.218806476800756), np.float64(8.198271549945783), np.float64(7.751940788759694), np.float64(7.119465995215209), np.float64(6.411498247913173), np.float64(6.362123304649601), np.float64(5.965522694923292), np.float64(4.9350902268451495), np.float64(4.941059134795187), np.float64(4.120689595996701), np.float64(3.0532617391422274), np.float64(3.271780511700916), np.float64(3.718721312697109), np.float64(3.6940551594278217), np.float64(3.2457874929078154), np.float64(3.13948193190645), np.float64(3.323159712461349), np.float64(3.1059809026621767), np.float64(3.1657429794798695), np.float64(3.475131237075133), np.float64(3.3577311967053025), np.float64(3.2502101428971746), np.float64(2.9756285299816096), np.float64(2.923565791719739), np.float64(2.591226929948028), np.float64(2.4075134727031213), np.float64(2.5763256387160975)]"
40,2,3.319051285756879,2.59346433945378,"[np.float64(5.2065743235328075), np.float64(4.884965183582013), np.float64(4.497669297206469), np.float64(4.116972699792098), np.float64(3.774707867527756), np.float64(3.4815828870035506), np.float64(3.2378259797442586), np.float64(3.0389399634200753), np.float64(2.8787255467279884), np.float64(2.750796993841064), np.float64(2.649279838031471), np.float64(2.56907643231549), np.float64(2.505912771949573), np.float64(2.4562827730624957), np.float64(2.4173517135602474), np.float64(2.3868503394452913), np.float64(2.3629746471995507), np.float64(2.3442975512844333), np.float64(2.3296941165046126), np.float64(2.3182798453916225), np.float64(2.3093605754148516), np.float64(2.302392255622424), np.float64(2.2969489055144394), np.float64(2.2926972319816286), np.float64(2.2893765998181013), np.float64(2.2867832714630896), np.float64(2.284758031472994), np.float64(2.283176483339708), np.float64(2.2819414499018507), np.float64(2.2809770260584132), np.float64(2.2802239272671008), np.float64(2.2796358530674934), np.float64(2.2791766450332696), np.float64(2.2788180661167834), np.float64(2.2785380658191454), np.float64(2.278319425068969), np.float64(2.2781486977992156), np.float64(2.278015384317463), np.float64(2.2779112857393717), np.float64(2.27782999984419)]","[np.float64(5.257577164793664), np.float64(5.175312107215287), np.float64(5.361010344257179), np.float64(6.2190440693335995), np.float64(6.862530903236934), np.float64(7.176580599606877), np.float64(7.569766644572949), np.float64(7.948919315737355), np.float64(8.547431203050081), np.float64(8.251859404990402), np.float64(8.532996587844375), np.float64(8.989743741317646), np.float64(8.44981874600173), np.float64(8.218806476800756), np.float64(8.198271549945783), np.float64(7.751940788759694), np.float64(7.119465995215209), np.float64(6.411498247913173), np.float64(6.362123304649601), np.float64(5.965522694923292), np.float64(4.9350902268451495), np.float64(4.941059134795187), np.float64(4.120689595996701), np.float64(3.0532617391422274), np.float64(3.271780511700916), np.float64(3.718721312697109), np.float64(3.6940551594278217), np.float64(3.2457874929078154), np.float64(3.13948193190645), np.float64(3.323159712461349), np.float64(3.1059809026621767), np.float64(3.1657429794798695), np.float64(3.475131237075133), np.float64(3.3577311967053025), np.float64(3.2502101428971746), np.float64(2.9756285299816096), np.float64(2.923565791719739), np.float64(2.591226929948028), np.float64(2.4075134727031213), np.float64(2.5763256387160975)]"
40,4,3.222673032468157,2.53643530815718,"[np.float64(5.029288294204306), np.float64(4.683414855211934), np.float64(4.384802099020053), np.float64(4.1009312801324285), np.float64(3.8348939402981506), np.float64(3.60070617387368), np.float64(3.400195012905444), np.float64(3.2289542169026237), np.float64(3.082848397608214), np.float64(2.9586171382345605), np.float64(2.8532440999423714), np.float64(2.763937497266106), np.float64(2.6882679657248163), np.float64(2.624170761155149), np.float64(2.569887912973561), np.float64(2.5239214979539213), np.float64(2.484999111185329), np.float64(2.452042237911479), np.float64(2.42413713475722), np.float64(2.40050972137359), np.float64(2.3805043681666196), np.float64(2.363565871567317), np.float64(2.3492241069151563), np.float64(2.33708100118244), np.float64(2.326799496761243), np.float64(2.3180942037469183), np.float64(2.3107234818854328), np.float64(2.3044827346371326), np.float64(2.299198730713734), np.float64(2.2947247959180115), np.float64(2.290936741944534), np.float64(2.287729419229731), np.float64(2.285013798232388), np.float64(2.282714498155239), np.float64(2.280767694519805), np.float64(2.2791193475178355), np.float64(2.2777237019648413), np.float64(2.2765420172187203), np.float64(2.275541491808965), np.float64(2.274694352926389)]","[np.float64(5.257577164793664), np.float64(5.175312107215287), np.float64(5.361010344257179), np.float64(6.2190440693335995), np.float64(6.862530903236934), np.float64(7.176580599606877), np.float64(7.569766644572949), np.float64(7.948919315737355), np.float64(8.547431203050081), np.float64(8.251859404990402), np.float64(8.532996587844375), np.float64(8.989743741317646), np.float64(8.44981874600173), np.float64(8.218806476800756), np.float64(8.198271549945783), np.float64(7.751940788759694), np.float64(7.119465995215209), np.float64(6.411498247913173), np.float64(6.362123304649601), np.float64(5.965522694923292), np.float64(4.9350902268451495), np.float64(4.941059134795187), np.float64(4.120689595996701), np.float64(3.0532617391422274), np.float64(3.271780511700916), np.float64(3.718721312697109), np.float64(3.6940551594278217), np.float64(3.2457874929078154), np.float64(3.13948193190645), np.float64(3.323159712461349), np.float64(3.1059809026621767), np.float64(3.1657429794798695), np.float64(3.475131237075133), np.float64(3.3577311967053025), np.float64(3.2502101428971746), np.float64(2.9756285299816096), np.float64(2.923565791719739), np.float64(2.591226929948028), np.float64(2.4075134727031213), np.float64(2.5763256387160975)]"
40,6,3.251713120554373,2.554611309454212,"[np.float64(5.027163324018128), np.float64(4.7028711441747735), np.float64(4.485614605330359), np.float64(4.209065978362075), np.float64(3.8883788439344444), np.float64(3.606538465483802), np.float64(3.3861026489118227), np.float64(3.199602275799846), np.float64(3.0352677838690614), np.float64(2.897315364845002), np.float64(2.7860452249721277), np.float64(2.6950313566486424), np.float64(2.6191740951843405), np.float64(2.5564420747380563), np.float64(2.505248479355181), np.float64(2.4634149923295516), np.float64(2.4290025746612005), np.float64(2.4007042872611493), np.float64(2.377527392058138), np.float64(2.3585554203736585), np.float64(2.342994349247699), np.float64(2.3302247403357965), np.float64(2.319757288296581), np.float64(2.311180764596859), np.float64(2.304149925059109), np.float64(2.298384472021149), np.float64(2.29365787057316), np.float64(2.289783725231975), np.float64(2.286607945227429), np.float64(2.2840043166453325), np.float64(2.2818698565397266), np.float64(2.280120153544946), np.float64(2.2786858309678295), np.float64(2.2775099915827024), np.float64(2.2765460557250683), np.float64(2.2757558542984557), np.float64(2.2751080756493187), np.float64(2.2745770431931107), np.float64(2.274141715094425), np.float64(2.2737848456240584)]","[np.float64(5.257577164793664), np.float64(5.175312107215287), np.float64(5.361010344257179), np.float64(6.2190440693335995), np.float64(6.862530903236934), np.float64(7.176580599606877), np.float64(7.569766644572949), np.float64(7.948919315737355), np.float64(8.547431203050081), np.float64(8.251859404990402), np.float64(8.532996587844375), np.float64(8.989743741317646), np.float64(8.44981874600173), np.float64(8.218806476800756), np.float64(8.198271549945783), np.float64(7.751940788759694), np.float64(7.119465995215209), np.float64(6.411498247913173), np.float64(6.362123304649601), np.float64(5.965522694923292), np.float64(4.9350902268451495), np.float64(4.941059134795187), np.float64(4.120689595996701), np.float64(3.0532617391422274), np.float64(3.271780511700916), np.float64(3.718721312697109), np.float64(3.6940551594278217), np.float64(3.2457874929078154), np.float64(3.13948193190645), np.float64(3.323159712461349), np.float64(3.1059809026621767), np.float64(3.1657429794798695), np.float64(3.475131237075133), np.float64(3.3577311967053025), np.float64(3.2502101428971746), np.float64(2.9756285299816096), np.float64(2.923565791719739), np.float64(2.591226929948028), np.float64(2.4075134727031213), np.float64(2.5763256387160975)]"
40,12,3.3586791141240635,2.681338290854224,"[np.float64(5.036226558772953), np.float64(4.688766497873419), np.float64(4.4899890707673205), np.float64(4.284470363413477), np.float64(4.070687251941217), np.float64(3.9563730316031207), np.float64(3.804576428617249), np.float64(3.7318172028020076), np.float64(3.6960004948589535), np.float64(3.4053978241624026), np.float64(2.975864166937156), np.float64(2.62808824860663), np.float64(2.417700348818187), np.float64(2.241761953287031), np.float64(2.0896951245336717), np.float64(1.9886050110623728), np.float64(1.8983747916402478), np.float64(1.831944215683858), np.float64(1.7937389673102595), np.float64(1.7339985778991263), np.float64(1.6687224241551253), np.float64(1.652335977462682), np.float64(1.691603576523006), np.float64(1.7426234038499175), np.float64(1.7944678774228615), np.float64(1.8561464086069903), np.float64(1.9181033956859481), np.float64(1.9783035913902691), np.float64(2.040121992901566), np.float64(2.095268522522058), np.float64(2.143227930860991), np.float64(2.1948924167817854), np.float64(2.2510424286578576), np.float64(2.29862258680188), np.float64(2.3342684698685257), np.float64(2.3629912025043165), np.float64(2.3847199528285086), np.float64(2.3988798550294566), np.float64(2.407645147554972), np.float64(2.411031953469941)]","[np.float64(5.257577164793664), np.float64(5.175312107215287), np.float64(5.361010344257179), np.float64(6.2190440693335995), np.float64(6.862530903236934), np.float64(7.176580599606877), np.float64(7.569766644572949), np.float64(7.948919315737355), np.float64(8.547431203050081), np.float64(8.251859404990402), np.float64(8.532996587844375), np.float64(8.989743741317646), np.float64(8.44981874600173), np.float64(8.218806476800756), np.float64(8.198271549945783), np.float64(7.751940788759694), np.float64(7.119465995215209), np.float64(6.411498247913173), np.float64(6.362123304649601), np.float64(5.965522694923292), np.float64(4.9350902268451495), np.float64(4.941059134795187), np.float64(4.120689595996701), np.float64(3.0532617391422274), np.float64(3.271780511700916), np.float64(3.718721312697109), np.float64(3.6940551594278217), np.float64(3.2457874929078154), np.float64(3.13948193190645), np.float64(3.323159712461349), np.float64(3.1059809026621767), np.float64(3.1657429794798695), np.float64(3.475131237075133), np.float64(3.3577311967053025), np.float64(3.2502101428971746), np.float64(2.9756285299816096), np.float64(2.923565791719739), np.float64(2.591226929948028), np.float64(2.4075134727031213), np.float64(2.5763256387160975)]"
40,24,3.3787079071138484,2.689000347642416,"[np.float64(4.933501073969553), np.float64(4.483931177274659), np.float64(4.167540761866856), np.float64(4.100809033944691), np.float64(4.039965907442617), np.float64(3.8552007447408645), np.float64(3.8160352757886455), np.float64(3.6463411189321273), np.float64(3.472124509527432), np.float64(3.0545442310365196), np.float64(2.0782609449899443), np.float64(1.4629414427427083), np.float64(1.6023564747651717), np.float64(2.0994938244504158), np.float64(2.5418201907584943), np.float64(2.689973180225173), np.float64(2.603851489130426), np.float64(2.6242218489582965), np.float64(2.492848544268615), np.float64(2.4129363771724512), np.float64(2.2759838203646563), np.float64(2.0753385316066475), np.float64(2.3158333003533675), np.float64(2.7010539541548084), np.float64(2.7014148669999005), np.float64(2.3069691889247483), np.float64(1.7904811188273961), np.float64(1.4935718009747276), np.float64(1.5340751856748285), np.float64(1.5820655489045121), np.float64(1.732281376853941), np.float64(1.8475437997212363), np.float64(1.9789174801349163), np.float64(2.2570694021667044), np.float64(2.3418390065291663), np.float64(2.1288240240146723), np.float64(1.9512189968817424), np.float64(2.0362068453814524), np.float64(2.3513049049046018), np.float64(2.650992958553944)]","[np.float64(5.257577164793664), np.float64(5.175312107215287), np.float64(5.361010344257179), np.float64(6.2190440693335995), np.float64(6.862530903236934), np.float64(7.176580599606877), np.float64(7.569766644572949), np.float64(7.948919315737355), np.float64(8.547431203050081), np.float64(8.251859404990402), np.float64(8.532996587844375), np.float64(8.989743741317646), np.float64(8.44981874600173), np.float64(8.218806476800756), np.float64(8.198271549945783), np.float64(7.751940788759694), np.float64(7.119465995215209), np.float64(6.411498247913173), np.float64(6.362123304649601), np.float64(5.965522694923292), np.float64(4.9350902268451495), np.float64(4.941059134795187), np.float64(4.120689595996701), np.float64(3.0532617391422274), np.float64(3.271780511700916), np.float64(3.718721312697109), np.float64(3.6940551594278217), np.float64(3.2457874929078154), np.float64(3.13948193190645), np.float64(3.323159712461349), np.float64(3.1059809026621767), np.float64(3.1657429794798695), np.float64(3.475131237075133), np.float64(3.3577311967053025), np.float64(3.2502101428971746), np.float64(2.9756285299816096), np.float64(2.923565791719739), np.float64(2.591226929948028), np.float64(2.4075134727031213), np.float64(2.5763256387160975)]"
52,1,3.66172880240811,2.877388077183093,"[np.float64(0.7623666077537363), np.float64(0.8497021496752213), np.float64(0.9314201216744689), np.float64(1.0078818553598587), np.float64(1.0794254408789576), np.float64(1.1463672218486278), np.float64(1.2090031941287007), np.float64(1.267610314624159), np.float64(1.3224477259029481), np.float64(1.373757902044294), np.float64(1.42176772078412), np.float64(1.4666894666982528), np.float64(1.508721769859188), np.float64(1.5480504841168619), np.float64(1.584849508886918), np.float64(1.6192815580801603), np.float64(1.6514988795731629), np.float64(1.6816439284013112), np.float64(1.7098499966509266), np.float64(1.7362418028356652), np.float64(1.7609360433632262), np.float64(1.7840419085307895), np.float64(1.805661565330753), np.float64(1.8258906092015867), np.float64(1.8448184867213078), np.float64(1.8625288911125955), np.float64(1.879100132308347), np.float64(1.894605483213991), np.float64(1.909113503697622), np.float64(1.9226883437405415), np.float64(1.9353900270886433), np.float64(1.94727471665886), np.float64(1.958394962874219), np.float64(1.9687999360255666), np.float64(1.9785356436873927), np.float64(1.9876451341491017), np.float64(1.9961686867612396), np.float64(2.004143990038329), np.float64(2.011606308305829), np.float64(2.0185886376280795), np.float64(2.0251218517066976), np.float64(2.031234838394541), np.float64(2.0369546274288615), np.float64(2.042306509948448), np.float64(2.047314150323222), np.float64(2.051999690790767), np.float64(2.056383849362456), np.float64(2.060486011432094), np.float64(2.064324315492134), np.float64(2.0679157333364855), np.float64(2.071276145104539), np.float64(2.074420409498234)]","[np.float64(1.251895475543966), np.float64(1.3932651034784689), np.float64(1.529081847865152), np.float64(1.4892953242600384), np.float64(1.454375765588851), np.float64(1.5999751821590653), np.float64(1.5033058809882756), np.float64(1.8064471275289182), np.float64(2.1847974510696573), np.float64(3.332171218283956), np.float64(4.926362527750846), np.float64(5.315092372103146), np.float64(5.257577164793664), np.float64(5.175312107215287), np.float64(5.361010344257179), np.float64(6.2190440693335995), np.float64(6.862530903236934), np.float64(7.176580599606877), np.float64(7.569766644572949), np.float64(7.948919315737355), np.float64(8.547431203050081), np.float64(8.251859404990402), np.float64(8.532996587844375), np.float64(8.989743741317646), np.float64(8.44981874600173), np.float64(8.218806476800756), np.float64(8.198271549945783), np.float64(7.751940788759694), np.float64(7.119465995215209), np.float64(6.411498247913173), np.float64(6.362123304649601), np.float64(5.965522694923292), np.float64(4.9350902268451495), np.float64(4.941059134795187), np.float64(4.120689595996701), np.float64(3.0532617391422274), np.float64(3.271780511700916), np.float64(3.718721312697109), np.float64(3.6940551594278217), np.float64(3.2457874929078154), np.float64(3.13948193190645), np.float64(3.323159712461349), np.float64(3.1059809026621767), np.float64(3.1657429794798695), np.float64(3.475131237075133), np.float64(3.3577311967053025), np.float64(3.2502101428971746), np.float64(2.9756285299816096), np.float64(2.923565791719739), np.float64(2.591226929948028), np.float64(2.4075134727031213), np.float64(2.5763256387160975)]"
52,2,3.369635942175268,2.5593977824735767,"[np.float64(0.9915539960908328), np.float64(1.2397668443789494), np.float64(1.4336866416665903), np.float64(1.58676809428062), np.float64(1.708458840559635), np.float64(1.8056458662772312), np.float64(1.883500623609296), np.float64(1.9459932692003292), np.float64(1.9962202408968317), np.float64(2.0366230392920732), np.float64(2.0691410020556997), np.float64(2.095322163395793), np.float64(2.1164062067725133), np.float64(2.133387985240335), np.float64(2.1470669737537182), np.float64(2.158086213809235), np.float64(2.1669632225869213), np.float64(2.1741146520704286), np.float64(2.1798760292969788), np.float64(2.1845175943269424), np.float64(2.1882570258821206), np.float64(2.1912696759484285), np.float64(2.1936968060176314), np.float64(2.1956522177946507), np.float64(2.197227592719112), np.float64(2.1984967924466443), np.float64(2.199519322853591), np.float64(2.2003431244601), np.float64(2.2010068203516013), np.float64(2.2015415271219325), np.float64(2.201972313810629), np.float64(2.202319377270464), np.float64(2.202598989089345), np.float64(2.202824258471348), np.float64(2.203005746848515), np.float64(2.2031519630412353), np.float64(2.203269762183439), np.float64(2.2033646671163547), np.float64(2.203441127319267), np.float64(2.203502727517063), np.float64(2.203552355744928), np.float64(2.2035923387497056), np.float64(2.2036245510760484), np.float64(2.203650502951714), np.float64(2.2036714110923903), np.float64(2.203688255745633), np.float64(2.20370182664834), np.float64(2.203712760052409), np.float64(2.2037215685544744), np.float64(2.2037286651282546), np.float64(2.203734382486217), np.float64(2.2037389886783147)]","[np.float64(1.251895475543966), np.float64(1.3932651034784689), np.float64(1.529081847865152), np.float64(1.4892953242600384), np.float64(1.454375765588851), np.float64(1.5999751821590653), np.float64(1.5033058809882756), np.float64(1.8064471275289182), np.float64(2.1847974510696573), np.float64(3.332171218283956), np.float64(4.926362527750846), np.float64(5.315092372103146), np.float64(5.257577164793664), np.float64(5.175312107215287), np.float64(5.361010344257179), np.float64(6.2190440693335995), np.float64(6.862530903236934), np.float64(7.176580599606877), np.float64(7.569766644572949), np.float64(7.948919315737355), np.float64(8.547431203050081), np.float64(8.251859404990402), np.float64(8.532996587844375), np.float64(8.989743741317646), np.float64(8.44981874600173), np.float64(8.218806476800756), np.float64(8.198271549945783), np.float64(7.751940788759694), np.float64(7.119465995215209), np.float64(6.411498247913173), np.float64(6.362123304649601), np.float64(5.965522694923292), np.float64(4.9350902268451495), np.float64(4.941059134795187), np.float64(4.120689595996701), np.float64(3.0532617391422274), np.float64(3.271780511700916), np.float64(3.718721312697109), np.float64(3.6940551594278217), np.float64(3.2457874929078154), np.float64(3.13948193190645), np.float64(3.323159712461349), np.float64(3.1059809026621767), np.float64(3.1657429794798695), np.float64(3.475131237075133), np.float64(3.3577311967053025), np.float64(3.2502101428971746), np.float64(2.9756285299816096), np.float64(2.923565791719739), np.float64(2.591226929948028), np.float64(2.4075134727031213), np.float64(2.5763256387160975)]"
52,4,3.404438952510929,2.58096707355579,"[np.float64(1.2074170418083925), np.float64(1.390175389359944), np.float64(1.4668950448342963), np.float64(1.5617694348581574), np.float64(1.6564970373902075), np.float64(1.7331303461437246), np.float64(1.7956330502598046), np.float64(1.8495272421402398), np.float64(1.8963566518408383), np.float64(1.9366290338559482), np.float64(1.971178533191936), np.float64(2.0008877467599513), np.float64(2.026461332788626), np.float64(2.0484684181032744), np.float64(2.0674020422125863), np.float64(2.083692389313943), np.float64(2.0977094727009216), np.float64(2.109770543854795), np.float64(2.1201484215463586), np.float64(2.1290779985082358), np.float64(2.136761421430944), np.float64(2.143372602173213), np.float64(2.1490611723352124), np.float64(2.15395588408947), np.float64(2.1581675234752637), np.float64(2.161791415689338), np.float64(2.1649095826338454), np.float64(2.1675925997837258), np.float64(2.1699011936372647), np.float64(2.1718876161269276), np.float64(2.1735968272577666), np.float64(2.1750675127253536), np.float64(2.1763329595185184), np.float64(2.177421809324933), np.float64(2.1783587067966024), np.float64(2.179164857348532), np.float64(2.179858507114937), np.float64(2.1804553559259756), np.float64(2.180968912652285), np.float64(2.181410800960111), np.float64(2.181791022397375), np.float64(2.182118182765265), np.float64(2.182399686898983), np.float64(2.1826419062662348), np.float64(2.1828503231768392), np.float64(2.1830296548674415), np.float64(2.183183960269825), np.float64(2.183316731879376), np.float64(2.1834309748030223), np.float64(2.1835292747757906), np.float64(2.183613856685443), np.float64(2.1836866349298205)]","[np.float64(1.251895475543966), np.float64(1.3932651034784689), np.float64(1.529081847865152), np.float64(1.4892953242600384), np.float64(1.454375765588851), np.float64(1.5999751821590653), np.float64(1.5033058809882756), np.float64(1.8064471275289182), np.float64(2.1847974510696573), np.float64(3.332171218283956), np.float64(4.926362527750846), np.float64(5.315092372103146), np.float64(5.257577164793664), np.float64(5.175312107215287), np.float64(5.361010344257179), np.float64(6.2190440693335995), np.float64(6.862530903236934), np.float64(7.176580599606877), np.float64(7.569766644572949), np.float64(7.948919315737355), np.float64(8.547431203050081), np.float64(8.251859404990402), np.float64(8.532996587844375), np.float64(8.989743741317646), np.float64(8.44981874600173), np.float64(8.218806476800756), np.float64(8.198271549945783), np.float64(7.751940788759694), np.float64(7.119465995215209), np.float64(6.411498247913173), np.float64(6.362123304649601), np.float64(5.965522694923292), np.float64(4.9350902268451495), np.float64(4.941059134795187), np.float64(4.120689595996701), np.float64(3.0532617391422274), np.float64(3.271780511700916), np.float64(3.718721312697109), np.float64(3.6940551594278217), np.float64(3.2457874929078154), np.float64(3.13948193190645), np.float64(3.323159712461349), np.float64(3.1059809026621767), np.float64(3.1657429794798695), np.float64(3.475131237075133), np.float64(3.3577311967053025), np.float64(3.2502101428971746), np.float64(2.9756285299816096), np.float64(2.923565791719739), np.float64(2.591226929948028), np.float64(2.4075134727031213), np.float64(2.5763256387160975)]"
52,6,3.394645983567957,2.57389542262828,"[np.float64(1.1974875841421295), np.float64(1.3733504713919669), np.float64(1.3536569669384972), np.float64(1.4979351278687374), np.float64(1.6662640107576792), np.float64(1.7596780171444069), np.float64(1.80407854272576), np.float64(1.8602382929789927), np.float64(1.919327078423657), np.float64(1.9632811165302502), np.float64(1.994436430420253), np.float64(2.02293905380352), np.float64(2.0494598625401363), np.float64(2.0713534677182417), np.float64(2.0888668388958918), np.float64(2.1038791703419717), np.float64(2.1170157392240574), np.float64(2.1281165956651904), np.float64(2.1373488053174308), np.float64(2.145168615457696), np.float64(2.1518599501893667), np.float64(2.1575339006696677), np.float64(2.1623132176764335), np.float64(2.166356963982969), np.float64(2.1697923430478028), np.float64(2.1727048349909817), np.float64(2.1751679147374134), np.float64(2.1772528628090804), np.float64(2.1790203112758846), np.float64(2.1805180502826746), np.float64(2.1817861596563026), np.float64(2.182859984046666), np.float64(2.1837697294535627), np.float64(2.1845404474596917), np.float64(2.185193206958999), np.float64(2.1857460551923014), np.float64(2.1862143546783774), np.float64(2.186611043881894), np.float64(2.1869470457932536), np.float64(2.187231639183486), np.float64(2.1874727000506593), np.float64(2.1876768903114794), np.float64(2.1878498454460353), np.float64(2.1879963419978647), np.float64(2.188120429033018), np.float64(2.1882255352465), np.float64(2.1883145634972667), np.float64(2.1883899728817258), np.float64(2.1884538468914183), np.float64(2.188507950238505), np.float64(2.1885537774587167), np.float64(2.188592594478732)]","[np.float64(1.251895475543966), np.float64(1.3932651034784689), np.float64(1.529081847865152), np.float64(1.4892953242600384), np.float64(1.454375765588851), np.float64(1.5999751821590653), np.float64(1.5033058809882756), np.float64(1.8064471275289182), np.float64(2.1847974510696573), np.float64(3.332171218283956), np.float64(4.926362527750846), np.float64(5.315092372103146), np.float64(5.257577164793664), np.float64(5.175312107215287), np.float64(5.361010344257179), np.float64(6.2190440693335995), np.float64(6.862530903236934), np.float64(7.176580599606877), np.float64(7.569766644572949), np.float64(7.948919315737355), np.float64(8.547431203050081), np.float64(8.251859404990402), np.float64(8.532996587844375), np.float64(8.989743741317646), np.float64(8.44981874600173), np.float64(8.218806476800756), np.float64(8.198271549945783), np.float64(7.751940788759694), np.float64(7.119465995215209), np.float64(6.411498247913173), np.float64(6.362123304649601), np.float64(5.965522694923292), np.float64(4.9350902268451495), np.float64(4.941059134795187), np.float64(4.120689595996701), np.float64(3.0532617391422274), np.float64(3.271780511700916), np.float64(3.718721312697109), np.float64(3.6940551594278217), np.float64(3.2457874929078154), np.float64(3.13948193190645), np.float64(3.323159712461349), np.float64(3.1059809026621767), np.float64(3.1657429794798695), np.float64(3.475131237075133), np.float64(3.3577311967053025), np.float64(3.2502101428971746), np.float64(2.9756285299816096), np.float64(2.923565791719739), np.float64(2.591226929948028), np.float64(2.4075134727031213), np.float64(2.5763256387160975)]"
52,12,3.288983050670922,2.509752573123712,"[np.float64(1.213752418113901), np.float64(1.4308114389692823), np.float64(1.4451066299411175), np.float64(1.6512803637215758), np.float64(1.7622637162190915), np.float64(1.7970609171088683), np.float64(1.8602088470156661), np.float64(1.8185443894269768), np.float64(1.696149143947863), np.float64(1.8874325584963216), np.float64(2.141850430512764), np.float64(2.2462455609875196), np.float64(2.246821153368853), np.float64(2.307065441730434), np.float64(2.34870850459442), np.float64(2.350331444124027), np.float64(2.364285237628539), np.float64(2.3674537355009893), np.float64(2.3436029841992463), np.float64(2.366542275921293), np.float64(2.4080968763571744), np.float64(2.4051905979740305), np.float64(2.3677873729049526), np.float64(2.349703517540377), np.float64(2.336139130707723), np.float64(2.311479153363526), np.float64(2.290922507069757), np.float64(2.2749497103174288), np.float64(2.2540324796721016), np.float64(2.2406935811623696), np.float64(2.235535936649902), np.float64(2.223244706155207), np.float64(2.2038758735931574), np.float64(2.192310941073566), np.float64(2.1866497765410147), np.float64(2.1798311172132676), np.float64(2.174701557484669), np.float64(2.1731184055927053), np.float64(2.1716605153513715), np.float64(2.1715217460545144), np.float64(2.174149453690454), np.float64(2.1762397525737156), np.float64(2.176728700390628), np.float64(2.179088526169997), np.float64(2.1833603020005126), np.float64(2.1870708883443166), np.float64(2.1904143795184465), np.float64(2.1943141320339374), np.float64(2.197903326625644), np.float64(2.2009896398986664), np.float64(2.2041656489284143), np.float64(2.2069181365553154)]","[np.float64(1.251895475543966), np.float64(1.3932651034784689), np.float64(1.529081847865152), np.float64(1.4892953242600384), np.float64(1.454375765588851), np.float64(1.5999751821590653), np.float64(1.5033058809882756), np.float64(1.8064471275289182), np.float64(2.1847974510696573), np.float64(3.332171218283956), np.float64(4.926362527750846), np.float64(5.315092372103146), np.float64(5.257577164793664), np.float64(5.175312107215287), np.float64(5.361010344257179), np.float64(6.2190440693335995), np.float64(6.862530903236934), np.float64(7.176580599606877), np.float64(7.569766644572949), np.float64(7.948919315737355), np.float64(8.547431203050081), np.float64(8.251859404990402), np.float64(8.532996587844375), np.float64(8.989743741317646), np.float64(8.44981874600173), np.float64(8.218806476800756), np.float64(8.198271549945783), np.float64(7.751940788759694), np.float64(7.119465995215209), np.float64(6.411498247913173), np.float64(6.362123304649601), np.float64(5.965522694923292), np.float64(4.9350902268451495), np.float64(4.941059134795187), np.float64(4.120689595996701), np.float64(3.0532617391422274), np.float64(3.271780511700916), np.float64(3.718721312697109), np.float64(3.6940551594278217), np.float64(3.2457874929078154), np.float64(3.13948193190645), np.float64(3.323159712461349), np.float64(3.1059809026621767), np.float64(3.1657429794798695), np.float64(3.475131237075133), np.float64(3.3577311967053025), np.float64(3.2502101428971746), np.float64(2.9756285299816096), np.float64(2.923565791719739), np.float64(2.591226929948028), np.float64(2.4075134727031213), np.float64(2.5763256387160975)]"
52,24,3.3662878308290587,2.5641934179407024,"[np.float64(1.1219588547533093), np.float64(1.1267894850103013), np.float64(1.2292651983853564), np.float64(1.4067394979090568), np.float64(1.597891817947312), np.float64(1.4286618716932469), np.float64(1.3959866029094787), np.float64(1.3637328212442945), np.float64(1.341095340899019), np.float64(1.7604458659852347), np.float64(2.7611077464589258), np.float64(2.836810723445978), np.float64(2.518986392022822), np.float64(2.26164493522113), np.float64(2.171014435490594), np.float64(2.0859189186757345), np.float64(1.9748060967683592), np.float64(2.015635545288599), np.float64(2.0785949825255985), np.float64(2.200925295041263), np.float64(2.3231117917681354), np.float64(2.4576290804032244), np.float64(1.9592304882110108), np.float64(1.693897041810013), np.float64(1.8162897936669), np.float64(2.1595202860948106), np.float64(2.3568001383749686), np.float64(2.4031313983207876), np.float64(2.448054548118341), np.float64(2.474902420889997), np.float64(2.408591289897031), np.float64(2.3070382784673913), np.float64(2.2233891786225937), np.float64(1.9327473317611816), np.float64(2.068461220035722), np.float64(2.3163474667211683), np.float64(2.43185552559274), np.float64(2.2311060438521935), np.float64(2.035398316164431), np.float64(1.9718888337231608), np.float64(1.9892800649440405), np.float64(1.985199622115845), np.float64(2.0275801409503034), np.float64(2.1041260822130163), np.float64(2.110760814655885), np.float64(2.333749466688091), np.float64(2.3802193510520784), np.float64(2.252199699799374), np.float64(2.0360278908096654), np.float64(2.043558777956073), np.float64(2.158810464773948), np.float64(2.258487902225573)]","[np.float64(1.251895475543966), np.float64(1.3932651034784689), np.float64(1.529081847865152), np.float64(1.4892953242600384), np.float64(1.454375765588851), np.float64(1.5999751821590653), np.float64(1.5033058809882756), np.float64(1.8064471275289182), np.float64(2.1847974510696573), np.float64(3.332171218283956), np.float64(4.926362527750846), np.float64(5.315092372103146), np.float64(5.257577164793664), np.float64(5.175312107215287), np.float64(5.361010344257179), np.float64(6.2190440693335995), np.float64(6.862530903236934), np.float64(7.176580599606877), np.float64(7.569766644572949), np.float64(7.948919315737355), np.float64(8.547431203050081), np.float64(8.251859404990402), np.float64(8.532996587844375), np.float64(8.989743741317646), np.float64(8.44981874600173), np.float64(8.218806476800756), np.float64(8.198271549945783), np.float64(7.751940788759694), np.float64(7.119465995215209), np.float64(6.411498247913173), np.float64(6.362123304649601), np.float64(5.965522694923292), np.float64(4.9350902268451495), np.float64(4.941059134795187), np.float64(4.120689595996701), np.float64(3.0532617391422274), np.float64(3.271780511700916), np.float64(3.718721312697109), np.float64(3.6940551594278217), np.float64(3.2457874929078154), np.float64(3.13948193190645), np.float64(3.323159712461349), np.float64(3.1059809026621767), np.float64(3.1657429794798695), np.float64(3.475131237075133), np.float64(3.3577311967053025), np.float64(3.2502101428971746), np.float64(2.9756285299816096), np.float64(2.923565791719739), np.float64(2.591226929948028), np.float64(2.4075134727031213), np.float64(2.5763256387160975)]"
