forecast_horizon,context_window,variance,rmse,mae,forecast,actual
4,1,0.95,0.6005623146484126,0.5762725212175219,"[np.float64(3.2353270240416907), np.float64(3.211708134116626), np.float64(3.18920809926016), np.float64(3.167478660538597)]","[np.float64(2.923565791719739), np.float64(2.591226929948028), np.float64(2.4075134727031213), np.float64(2.5763256387160975)]"
4,2,0.95,0.5108198236570379,0.4887980325902542,"[np.float64(3.193963292857699), np.float64(3.1409377538554937), np.float64(3.0851533950444923), np.float64(3.033769521690318)]","[np.float64(2.923565791719739), np.float64(2.591226929948028), np.float64(2.4075134727031213), np.float64(2.5763256387160975)]"
4,4,0.95,0.5758469844231845,0.5534548155271607,"[np.float64(3.2362094333029834), np.float64(3.2091038555513856), np.float64(3.1574524453996777), np.float64(3.109685360941582)]","[np.float64(2.923565791719739), np.float64(2.591226929948028), np.float64(2.4075134727031213), np.float64(2.5763256387160975)]"
4,6,0.95,0.5896610490596037,0.5647412207067111,"[np.float64(3.232153052236977), np.float64(3.226233390846767), np.float64(3.1819052277095037), np.float64(3.117305045120583)]","[np.float64(2.923565791719739), np.float64(2.591226929948028), np.float64(2.4075134727031213), np.float64(2.5763256387160975)]"
4,12,0.95,0.5860695444307505,0.5677219077728413,"[np.float64(3.3034340800708137), np.float64(3.2892459154242153), np.float64(3.128019088395308), np.float64(3.048820380288014)]","[np.float64(2.923565791719739), np.float64(2.591226929948028), np.float64(2.4075134727031213), np.float64(2.5763256387160975)]"
4,24,0.95,0.5805055818976962,0.513654870074326,"[np.float64(3.5747959012036508), np.float64(3.4360294412088743), np.float64(2.8513446551291795), np.float64(2.4615699615896096)]","[np.float64(2.923565791719739), np.float64(2.591226929948028), np.float64(2.4075134727031213), np.float64(2.5763256387160975)]"
16,1,0.95,0.6741050852773789,0.6260571991485139,"[np.float64(4.077279705392927), np.float64(4.028989916607292), np.float64(3.9822616204527495), np.float64(3.937061870176686), np.float64(3.8933452628694787), np.float64(3.851063165606934), np.float64(3.8101685101666547), np.float64(3.7706157691693165), np.float64(3.7323609091284724), np.float64(3.695361341466617), np.float64(3.6595758751048915), np.float64(3.624964670605699), np.float64(3.5914891958200417), np.float64(3.559112182990243), np.float64(3.527797587260293), np.float64(3.4975105465476406)]","[np.float64(3.271780511700916), np.float64(3.718721312697109), np.float64(3.6940551594278217), np.float64(3.2457874929078154), np.float64(3.13948193190645), np.float64(3.323159712461349), np.float64(3.1059809026621767), np.float64(3.1657429794798695), np.float64(3.475131237075133), np.float64(3.3577311967053025), np.float64(3.2502101428971746), np.float64(2.9756285299816096), np.float64(2.923565791719739), np.float64(2.591226929948028), np.float64(2.4075134727031213), np.float64(2.5763256387160975)]"
16,2,0.95,0.2764009026141027,0.2313555632645715,"[np.float64(3.7195934917842686), np.float64(3.5097493896532503), np.float64(3.366947314135561), np.float64(3.2630545872658887), np.float64(3.1845067893393164), np.float64(3.1203612975695885), np.float64(3.0650367522904807), np.float64(3.0163624773502127), np.float64(2.9730464414435014), np.float64(2.934106629689606), np.float64(2.8989089435850763), np.float64(2.8670300136092743), np.float64(2.838123576304454), np.float64(2.811889246322353), np.float64(2.7880692286244066), np.float64(2.7664375173030606)]","[np.float64(3.271780511700916), np.float64(3.718721312697109), np.float64(3.6940551594278217), np.float64(3.2457874929078154), np.float64(3.13948193190645), np.float64(3.323159712461349), np.float64(3.1059809026621767), np.float64(3.1657429794798695), np.float64(3.475131237075133), np.float64(3.3577311967053025), np.float64(3.2502101428971746), np.float64(2.9756285299816096), np.float64(2.923565791719739), np.float64(2.591226929948028), np.float64(2.4075134727031213), np.float64(2.5763256387160975)]"
16,4,0.95,0.2944554906579429,0.2564973917858972,"[np.float64(3.561164271970234), np.float64(3.3870065481993556), np.float64(3.27237788396903), np.float64(3.1657368798542525), np.float64(3.094660071133065), np.float64(3.0464188133374237), np.float64(3.0075583857806536), np.float64(2.9707755130991322), np.float64(2.935568686405764), np.float64(2.9036823392466307), np.float64(2.8745751772086603), np.float64(2.8480871167554715), np.float64(2.824059183981464), np.float64(2.801801377744396), np.float64(2.7811355511476368), np.float64(2.762013829829604)]","[np.float64(3.271780511700916), np.float64(3.718721312697109), np.float64(3.6940551594278217), np.float64(3.2457874929078154), np.float64(3.13948193190645), np.float64(3.323159712461349), np.float64(3.1059809026621767), np.float64(3.1657429794798695), np.float64(3.475131237075133), np.float64(3.3577311967053025), np.float64(3.2502101428971746), np.float64(2.9756285299816096), np.float64(2.923565791719739), np.float64(2.591226929948028), np.float64(2.4075134727031213), np.float64(2.5763256387160975)]"
16,6,0.95,0.4163536968854002,0.3591834037128941,"[np.float64(3.568554533106848), np.float64(3.306563754668503), np.float64(3.169466146011131), np.float64(3.0401904391750345), np.float64(2.925345172667134), np.float64(2.8542890217348074), np.float64(2.7999934326041407), np.float64(2.7502598818710937), np.float64(2.709571105896894), np.float64(2.675380533790834), np.float64(2.6482324889930196), np.float64(2.627134253462695), np.float64(2.61063360002158), np.float64(2.5983795651544037), np.float64(2.588460802160618), np.float64(2.5802495530279157)]","[np.float64(3.271780511700916), np.float64(3.718721312697109), np.float64(3.6940551594278217), np.float64(3.2457874929078154), np.float64(3.13948193190645), np.float64(3.323159712461349), np.float64(3.1059809026621767), np.float64(3.1657429794798695), np.float64(3.475131237075133), np.float64(3.3577311967053025), np.float64(3.2502101428971746), np.float64(2.9756285299816096), np.float64(2.923565791719739), np.float64(2.591226929948028), np.float64(2.4075134727031213), np.float64(2.5763256387160975)]"
16,12,0.95,1.6474820071039278,1.537738448582146,"[np.float64(3.3861516970027665), np.float64(2.929450447447174), np.float64(2.602545688289044), np.float64(2.206250066928995), np.float64(1.817054111995744), np.float64(1.6818592828188286), np.float64(1.5370961978649926), np.float64(1.186311249113593), np.float64(1.1311583079155594), np.float64(1.0389619350236894), np.float64(0.9389988362647952), np.float64(0.9554572895975078), np.float64(1.0305290074403972), np.float64(1.081080681224281), np.float64(1.1079728069045376), np.float64(1.216092530447172)]","[np.float64(3.271780511700916), np.float64(3.718721312697109), np.float64(3.6940551594278217), np.float64(3.2457874929078154), np.float64(3.13948193190645), np.float64(3.323159712461349), np.float64(3.1059809026621767), np.float64(3.1657429794798695), np.float64(3.475131237075133), np.float64(3.3577311967053025), np.float64(3.2502101428971746), np.float64(2.9756285299816096), np.float64(2.923565791719739), np.float64(2.591226929948028), np.float64(2.4075134727031213), np.float64(2.5763256387160975)]"
16,24,0.95,1.571599965907727,1.394759283286375,"[np.float64(3.2532709304194243), np.float64(2.7881277193498235), np.float64(2.5161400006817995), np.float64(1.9098226352704557), np.float64(1.3628917220117542), np.float64(1.1530691372008166), np.float64(1.5435880494910057), np.float64(1.3697887684831596), np.float64(1.0380617083011825), np.float64(1.1841892104724774), np.float64(0.9148310667327131), np.float64(1.1717693457162892), np.float64(1.5850276744005707), np.float64(1.8921546474458981), np.float64(1.9684220676385817), np.float64(2.2547397267917613)]","[np.float64(3.271780511700916), np.float64(3.718721312697109), np.float64(3.6940551594278217), np.float64(3.2457874929078154), np.float64(3.13948193190645), np.float64(3.323159712461349), np.float64(3.1059809026621767), np.float64(3.1657429794798695), np.float64(3.475131237075133), np.float64(3.3577311967053025), np.float64(3.2502101428971746), np.float64(2.9756285299816096), np.float64(2.923565791719739), np.float64(2.591226929948028), np.float64(2.4075134727031213), np.float64(2.5763256387160975)]"
28,1,0.95,3.2097992030823943,2.887443799170754,"[np.float64(8.441105065062862), np.float64(8.349880604862163), np.float64(8.260272162458657), np.float64(8.172233099264382), np.float64(8.085736273315268), np.float64(8.000754661684587), np.float64(7.917261721622583), np.float64(7.835231375214283), np.float64(7.754638001368964), np.float64(7.6754564278151785), np.float64(7.597661923238575), np.float64(7.521230189557401), np.float64(7.44613735433332), np.float64(7.372359963315171), np.float64(7.299874973113346), np.float64(7.22865974400249), np.float64(7.1586920328502845), np.float64(7.089949986170101), np.float64(7.022412133295352), np.float64(6.956057379673416), np.float64(6.8908650002770315), np.float64(6.82681463313111), np.float64(6.763886272952945), np.float64(6.702060264903824), np.float64(6.641317298450102), np.float64(6.581638401331812), np.float64(6.523004933636935), np.float64(6.465398581979465)]","[np.float64(8.44981874600173), np.float64(8.218806476800756), np.float64(8.198271549945783), np.float64(7.751940788759694), np.float64(7.119465995215209), np.float64(6.411498247913173), np.float64(6.362123304649601), np.float64(5.965522694923292), np.float64(4.9350902268451495), np.float64(4.941059134795187), np.float64(4.120689595996701), np.float64(3.0532617391422274), np.float64(3.271780511700916), np.float64(3.718721312697109), np.float64(3.6940551594278217), np.float64(3.2457874929078154), np.float64(3.13948193190645), np.float64(3.323159712461349), np.float64(3.1059809026621767), np.float64(3.1657429794798695), np.float64(3.475131237075133), np.float64(3.3577311967053025), np.float64(3.2502101428971746), np.float64(2.9756285299816096), np.float64(2.923565791719739), np.float64(2.591226929948028), np.float64(2.4075134727031213), np.float64(2.5763256387160975)]"
28,2,0.95,0.5527441957625998,0.4412102630521874,"[np.float64(8.334146838317707), np.float64(7.969048762660101), np.float64(7.550021971964143), np.float64(7.119689982801321), np.float64(6.705352325075697), np.float64(6.3200981986177425), np.float64(5.966473590580256), np.float64(5.643725177775279), np.float64(5.350421575579311), np.float64(5.084547990194091), np.float64(4.843780636292626), np.float64(4.625856465175194), np.float64(4.428679733050178), np.float64(4.250311555352989), np.float64(4.08897131279477), np.float64(3.9430398671700697), np.float64(3.8110496815928334), np.float64(3.691670898858059), np.float64(3.583699290560263), np.float64(3.4860452322856936), np.float64(3.397723031276602), np.float64(3.317841041537537), np.float64(3.245592746685449), np.float64(3.180248676888424), np.float64(3.1211490604815406), np.float64(3.067697166928766), np.float64(3.019353286717622), np.float64(2.9756292850351693)]","[np.float64(8.44981874600173), np.float64(8.218806476800756), np.float64(8.198271549945783), np.float64(7.751940788759694), np.float64(7.119465995215209), np.float64(6.411498247913173), np.float64(6.362123304649601), np.float64(5.965522694923292), np.float64(4.9350902268451495), np.float64(4.941059134795187), np.float64(4.120689595996701), np.float64(3.0532617391422274), np.float64(3.271780511700916), np.float64(3.718721312697109), np.float64(3.6940551594278217), np.float64(3.2457874929078154), np.float64(3.13948193190645), np.float64(3.323159712461349), np.float64(3.1059809026621767), np.float64(3.1657429794798695), np.float64(3.475131237075133), np.float64(3.3577311967053025), np.float64(3.2502101428971746), np.float64(2.9756285299816096), np.float64(2.923565791719739), np.float64(2.591226929948028), np.float64(2.4075134727031213), np.float64(2.5763256387160975)]"
28,4,0.95,1.2473602145252998,1.0779322133380285,"[np.float64(8.521317438172366), np.float64(8.234319903584009), np.float64(7.913344304674364), np.float64(7.60922229299644), np.float64(7.3165197305212315), np.float64(7.02931649837639), np.float64(6.753851166198639), np.float64(6.499620187152496), np.float64(6.2637439906642145), np.float64(6.042500910682941), np.float64(5.834597677436143), np.float64(5.638251098938515), np.float64(5.453433963520883), np.float64(5.280254007072055), np.float64(5.1179006509173135), np.float64(4.965711089261759), np.float64(4.822912777038533), np.float64(4.688749807873196), np.float64(4.562761856551563), np.float64(4.444496559822095), np.float64(4.333498416768477), np.float64(4.229346787347556), np.float64(4.131597965367849), np.float64(4.03984120967285), np.float64(3.9537108731504333), np.float64(3.8728611150882615), np.float64(3.7969731807309226), np.float64(3.725746475792174)]","[np.float64(8.44981874600173), np.float64(8.218806476800756), np.float64(8.198271549945783), np.float64(7.751940788759694), np.float64(7.119465995215209), np.float64(6.411498247913173), np.float64(6.362123304649601), np.float64(5.965522694923292), np.float64(4.9350902268451495), np.float64(4.941059134795187), np.float64(4.120689595996701), np.float64(3.0532617391422274), np.float64(3.271780511700916), np.float64(3.718721312697109), np.float64(3.6940551594278217), np.float64(3.2457874929078154), np.float64(3.13948193190645), np.float64(3.323159712461349), np.float64(3.1059809026621767), np.float64(3.1657429794798695), np.float64(3.475131237075133), np.float64(3.3577311967053025), np.float64(3.2502101428971746), np.float64(2.9756285299816096), np.float64(2.923565791719739), np.float64(2.591226929948028), np.float64(2.4075134727031213), np.float64(2.5763256387160975)]"
28,6,0.95,0.9443649200348586,0.7883685555234484,"[np.float64(8.498515243600924), np.float64(8.24827708252489), np.float64(7.88371070698025), np.float64(7.568706832942796), np.float64(7.260313484876299), np.float64(6.925834289460141), np.float64(6.592999988917505), np.float64(6.285254844385182), np.float64(6.004747332595127), np.float64(5.748629411128786), np.float64(5.510719514118858), np.float64(5.290841277123543), np.float64(5.087018686989053), np.float64(4.8970772508498825), np.float64(4.72076184999603), np.float64(4.5574429828748615), np.float64(4.4070299322615085), np.float64(4.268790815038015), np.float64(4.141454689394654), np.float64(4.02404192758657), np.float64(3.9155500541008266), np.float64(3.815237290465766), np.float64(3.72252159849261), np.float64(3.6368606111052957), np.float64(3.5578144931954445), np.float64(3.484906295635922), np.float64(3.417655619888939), np.float64(3.355607294540231)]","[np.float64(8.44981874600173), np.float64(8.218806476800756), np.float64(8.198271549945783), np.float64(7.751940788759694), np.float64(7.119465995215209), np.float64(6.411498247913173), np.float64(6.362123304649601), np.float64(5.965522694923292), np.float64(4.9350902268451495), np.float64(4.941059134795187), np.float64(4.120689595996701), np.float64(3.0532617391422274), np.float64(3.271780511700916), np.float64(3.718721312697109), np.float64(3.6940551594278217), np.float64(3.2457874929078154), np.float64(3.13948193190645), np.float64(3.323159712461349), np.float64(3.1059809026621767), np.float64(3.1657429794798695), np.float64(3.475131237075133), np.float64(3.3577311967053025), np.float64(3.2502101428971746), np.float64(2.9756285299816096), np.float64(2.923565791719739), np.float64(2.591226929948028), np.float64(2.4075134727031213), np.float64(2.5763256387160975)]"
28,12,0.95,1.441078706397502,1.2910570345972208,"[np.float64(8.260216568856528), np.float64(7.735399745358178), np.float64(7.280769848411499), np.float64(6.904317809314281), np.float64(6.390174513805291), np.float64(5.814133547536999), np.float64(5.309306074796874), np.float64(4.864527750212266), np.float64(4.2705993804971065), np.float64(3.7865791615275324), np.float64(3.3057612344762917), np.float64(2.8317234527093547), np.float64(2.444803201306139), np.float64(2.1465250986161157), np.float64(1.8480232274042758), np.float64(1.5725577687485575), np.float64(1.3667344000678139), np.float64(1.2317401717372747), np.float64(1.1091880098931797), np.float64(1.0417260539078208), np.float64(1.0293945636535322), np.float64(1.0409016365249184), np.float64(1.0875555463093052), np.float64(1.1752239471232095), np.float64(1.2718964582516838), np.float64(1.3710064239881075), np.float64(1.487217399257046), np.float64(1.6219914809648548)]","[np.float64(8.44981874600173), np.float64(8.218806476800756), np.float64(8.198271549945783), np.float64(7.751940788759694), np.float64(7.119465995215209), np.float64(6.411498247913173), np.float64(6.362123304649601), np.float64(5.965522694923292), np.float64(4.9350902268451495), np.float64(4.941059134795187), np.float64(4.120689595996701), np.float64(3.0532617391422274), np.float64(3.271780511700916), np.float64(3.718721312697109), np.float64(3.6940551594278217), np.float64(3.2457874929078154), np.float64(3.13948193190645), np.float64(3.323159712461349), np.float64(3.1059809026621767), np.float64(3.1657429794798695), np.float64(3.475131237075133), np.float64(3.3577311967053025), np.float64(3.2502101428971746), np.float64(2.9756285299816096), np.float64(2.923565791719739), np.float64(2.591226929948028), np.float64(2.4075134727031213), np.float64(2.5763256387160975)]"
28,24,0.95,7.528048868211267,6.301932915378514,"[np.float64(15.619771362290113), np.float64(13.13783059122996), np.float64(5.995479913007345), np.float64(1.9649551471638516), np.float64(0.03070131903865131), np.float64(-2.36419155742172), np.float64(-4.310980521317251), np.float64(-0.07370180213005198), np.float64(4.088406773403194), np.float64(5.332938392769078), np.float64(5.35872140667629), np.float64(3.7311623902990765), np.float64(-2.4701660599872017), np.float64(-3.8244805143341267), np.float64(-0.5076658634532419), np.float64(4.7438634033783655), np.float64(12.55491495048831), np.float64(12.976405179834066), np.float64(2.6975410732007257), np.float64(-5.323213198852349), np.float64(-10.053365381232728), np.float64(-11.026504986970266), np.float64(-8.939085395306316), np.float64(-2.151276166909194), np.float64(12.026881300129547), np.float64(14.047803011220024), np.float64(9.389222392793137), np.float64(3.4988619096099076)]","[np.float64(8.44981874600173), np.float64(8.218806476800756), np.float64(8.198271549945783), np.float64(7.751940788759694), np.float64(7.119465995215209), np.float64(6.411498247913173), np.float64(6.362123304649601), np.float64(5.965522694923292), np.float64(4.9350902268451495), np.float64(4.941059134795187), np.float64(4.120689595996701), np.float64(3.0532617391422274), np.float64(3.271780511700916), np.float64(3.718721312697109), np.float64(3.6940551594278217), np.float64(3.2457874929078154), np.float64(3.13948193190645), np.float64(3.323159712461349), np.float64(3.1059809026621767), np.float64(3.1657429794798695), np.float64(3.475131237075133), np.float64(3.3577311967053025), np.float64(3.2502101428971746), np.float64(2.9756285299816096), np.float64(2.923565791719739), np.float64(2.591226929948028), np.float64(2.4075134727031213), np.float64(2.5763256387160975)]"
40,1,0.95,2.8796552760207845,2.219940662674889,"[np.float64(4.450081061398281), np.float64(4.32667247723318), np.float64(4.194503659211843), np.float64(4.071714915039079), np.float64(3.9567905193982673), np.float64(3.8492711723972444), np.float64(3.7486774350245926), np.float64(3.654563329541319), np.float64(3.566511471593199), np.float64(3.4841313690773186), np.float64(3.4070576826141497), np.float64(3.334948605743231), np.float64(3.2674843490586323), np.float64(3.204365722007662), np.float64(3.1453128060402507), np.float64(3.090063713225889), np.float64(3.038373424832772), np.float64(2.9900127047184863), np.float64(2.9447670827133337), np.float64(2.902435903487811), np.float64(2.8628314366861556), np.float64(2.825778044379576), np.float64(2.7911114021469907), np.float64(2.758677770328922), np.float64(2.728333312222701), np.float64(2.699943456195315), np.float64(2.673382298884997), np.float64(2.6485320468448696), np.float64(2.625282494152451), np.float64(2.6035305336683203), np.float64(2.583179699776472), np.float64(2.564139740578507), np.float64(2.546326217644422), np.float64(2.52966013154498), np.float64(2.5140675715049583), np.float64(2.499479387623572), np.float64(2.4858308842084234), np.float64(2.473061532862982), np.float64(2.461114704055192), np.float64(2.4499374159767653)]","[np.float64(5.257577164793664), np.float64(5.175312107215287), np.float64(5.361010344257179), np.float64(6.2190440693335995), np.float64(6.862530903236934), np.float64(7.176580599606877), np.float64(7.569766644572949), np.float64(7.948919315737355), np.float64(8.547431203050081), np.float64(8.251859404990402), np.float64(8.532996587844375), np.float64(8.989743741317646), np.float64(8.44981874600173), np.float64(8.218806476800756), np.float64(8.198271549945783), np.float64(7.751940788759694), np.float64(7.119465995215209), np.float64(6.411498247913173), np.float64(6.362123304649601), np.float64(5.965522694923292), np.float64(4.9350902268451495), np.float64(4.941059134795187), np.float64(4.120689595996701), np.float64(3.0532617391422274), np.float64(3.271780511700916), np.float64(3.718721312697109), np.float64(3.6940551594278217), np.float64(3.2457874929078154), np.float64(3.13948193190645), np.float64(3.323159712461349), np.float64(3.1059809026621767), np.float64(3.1657429794798695), np.float64(3.475131237075133), np.float64(3.3577311967053025), np.float64(3.2502101428971746), np.float64(2.9756285299816096), np.float64(2.923565791719739), np.float64(2.591226929948028), np.float64(2.4075134727031213), np.float64(2.5763256387160975)]"
40,2,0.95,3.372581136450614,2.665999168086469,"[np.float64(4.958888855287283), np.float64(4.372730248806121), np.float64(4.096963512290505), np.float64(3.9000410297802297), np.float64(3.5828405238841734), np.float64(3.290402242071554), np.float64(3.0914467163454606), np.float64(2.930294666753507), np.float64(2.7847601037113083), np.float64(2.669554799034536), np.float64(2.5833976062227086), np.float64(2.51450975765156), np.float64(2.4586444404061885), np.float64(2.415313171852787), np.float64(2.3819173796591944), np.float64(2.3555796524629575), np.float64(2.3348478466984766), np.float64(2.318760000060477), np.float64(2.3062531630637064), np.float64(2.296461900878), np.float64(2.288816893637013), np.float64(2.2828718785562727), np.float64(2.2782408517420274), np.float64(2.2746268163101178), np.float64(2.271810436544142), np.float64(2.2696177935853825), np.float64(2.267909310554044), np.float64(2.2665775968608224), np.float64(2.265540169519426), np.float64(2.2647321289361453), np.float64(2.2641025500473777), np.float64(2.2636120051537842), np.float64(2.263229868695108), np.float64(2.2629321823078183), np.float64(2.26270025800297), np.float64(2.2625195722596785), np.float64(2.2623788138791228), np.float64(2.2622691578602243), np.float64(2.262183729115595), np.float64(2.2621171759880108)]","[np.float64(5.257577164793664), np.float64(5.175312107215287), np.float64(5.361010344257179), np.float64(6.2190440693335995), np.float64(6.862530903236934), np.float64(7.176580599606877), np.float64(7.569766644572949), np.float64(7.948919315737355), np.float64(8.547431203050081), np.float64(8.251859404990402), np.float64(8.532996587844375), np.float64(8.989743741317646), np.float64(8.44981874600173), np.float64(8.218806476800756), np.float64(8.198271549945783), np.float64(7.751940788759694), np.float64(7.119465995215209), np.float64(6.411498247913173), np.float64(6.362123304649601), np.float64(5.965522694923292), np.float64(4.9350902268451495), np.float64(4.941059134795187), np.float64(4.120689595996701), np.float64(3.0532617391422274), np.float64(3.271780511700916), np.float64(3.718721312697109), np.float64(3.6940551594278217), np.float64(3.2457874929078154), np.float64(3.13948193190645), np.float64(3.323159712461349), np.float64(3.1059809026621767), np.float64(3.1657429794798695), np.float64(3.475131237075133), np.float64(3.3577311967053025), np.float64(3.2502101428971746), np.float64(2.9756285299816096), np.float64(2.923565791719739), np.float64(2.591226929948028), np.float64(2.4075134727031213), np.float64(2.5763256387160975)]"
40,4,0.95,2.1305096783302413,1.7320586156776006,"[np.float64(7.9280500135764935), np.float64(6.903509614502905), np.float64(5.697088969729533), np.float64(7.327765988625454), np.float64(8.144769535312372), np.float64(6.161133690374278), np.float64(5.786586826145693), np.float64(7.16616990066784), np.float64(6.3960888129165365), np.float64(4.690431257978067), np.float64(5.266116643074712), np.float64(5.872457925226621), np.float64(4.403243529240796), np.float64(3.665429841990914), np.float64(4.608452974169071), np.float64(4.332903519560914), np.float64(3.0037673943981735), np.float64(3.2136436503302006), np.float64(3.895276449454095), np.float64(3.054333209717813), np.float64(2.370526071747727), np.float64(3.0694770714141404), np.float64(3.178559898937735), np.float64(2.271696551582911), np.float64(2.2994028488065332), np.float64(2.9571046536758145), np.float64(2.5657717591090776), np.float64(1.9946011016770115), np.float64(2.467719101232922), np.float64(2.754224096195792), np.float64(2.1678788283669372), np.float64(2.074379480791186), np.float64(2.6155308412691833), np.float64(2.4906294588320432), np.float64(2.028654502120691), np.float64(2.3008102911340207), np.float64(2.625935906092396), np.float64(2.264698525248446), np.float64(2.100576104479839), np.float64(2.496041128943844)]","[np.float64(5.257577164793664), np.float64(5.175312107215287), np.float64(5.361010344257179), np.float64(6.2190440693335995), np.float64(6.862530903236934), np.float64(7.176580599606877), np.float64(7.569766644572949), np.float64(7.948919315737355), np.float64(8.547431203050081), np.float64(8.251859404990402), np.float64(8.532996587844375), np.float64(8.989743741317646), np.float64(8.44981874600173), np.float64(8.218806476800756), np.float64(8.198271549945783), np.float64(7.751940788759694), np.float64(7.119465995215209), np.float64(6.411498247913173), np.float64(6.362123304649601), np.float64(5.965522694923292), np.float64(4.9350902268451495), np.float64(4.941059134795187), np.float64(4.120689595996701), np.float64(3.0532617391422274), np.float64(3.271780511700916), np.float64(3.718721312697109), np.float64(3.6940551594278217), np.float64(3.2457874929078154), np.float64(3.13948193190645), np.float64(3.323159712461349), np.float64(3.1059809026621767), np.float64(3.1657429794798695), np.float64(3.475131237075133), np.float64(3.3577311967053025), np.float64(3.2502101428971746), np.float64(2.9756285299816096), np.float64(2.923565791719739), np.float64(2.591226929948028), np.float64(2.4075134727031213), np.float64(2.5763256387160975)]"
40,6,0.95,2.498992704443813,1.9265740102887368,"[np.float64(8.14828680797001), np.float64(6.775224837889962), np.float64(2.4251336377398776), np.float64(4.86009681792673), np.float64(7.974611888688055), np.float64(4.93445520004032), np.float64(2.7314666711536004), np.float64(5.655281692442613), np.float64(6.127518145258883), np.float64(3.3388336134609786), np.float64(3.6442006895018126), np.float64(5.445232525957667), np.float64(4.168620214234405), np.float64(2.9222884284927204), np.float64(4.183280976843618), np.float64(4.407781440215344), np.float64(3.000282893476016), np.float64(3.143508185360323), np.float64(4.025063701911053), np.float64(3.3232035337645045), np.float64(2.66614095813137), np.float64(3.3312302580347106), np.float64(3.4368861790910277), np.float64(2.6766277310181645), np.float64(2.7470430400286143), np.float64(3.2180526005627437), np.float64(2.8453692430662985), np.float64(2.4893507927929104), np.float64(2.8407732087125), np.float64(2.902240889988167), np.float64(2.499207203911185), np.float64(2.5335576490106217), np.float64(2.7861371420393297), np.float64(2.5924448849540345), np.float64(2.4031411631949062), np.float64(2.5900380747324445), np.float64(2.6264314102646327), np.float64(2.414424770492788), np.float64(2.4326128772774753), np.float64(2.5689266665056745)]","[np.float64(5.257577164793664), np.float64(5.175312107215287), np.float64(5.361010344257179), np.float64(6.2190440693335995), np.float64(6.862530903236934), np.float64(7.176580599606877), np.float64(7.569766644572949), np.float64(7.948919315737355), np.float64(8.547431203050081), np.float64(8.251859404990402), np.float64(8.532996587844375), np.float64(8.989743741317646), np.float64(8.44981874600173), np.float64(8.218806476800756), np.float64(8.198271549945783), np.float64(7.751940788759694), np.float64(7.119465995215209), np.float64(6.411498247913173), np.float64(6.362123304649601), np.float64(5.965522694923292), np.float64(4.9350902268451495), np.float64(4.941059134795187), np.float64(4.120689595996701), np.float64(3.0532617391422274), np.float64(3.271780511700916), np.float64(3.718721312697109), np.float64(3.6940551594278217), np.float64(3.2457874929078154), np.float64(3.13948193190645), np.float64(3.323159712461349), np.float64(3.1059809026621767), np.float64(3.1657429794798695), np.float64(3.475131237075133), np.float64(3.3577311967053025), np.float64(3.2502101428971746), np.float64(2.9756285299816096), np.float64(2.923565791719739), np.float64(2.591226929948028), np.float64(2.4075134727031213), np.float64(2.5763256387160975)]"
40,12,0.95,10.029284650137216,8.240804273334264,"[np.float64(10.039021928550792), np.float64(10.2259570492085), np.float64(4.91680956122378), np.float64(5.019144042747972), np.float64(1.1108253911980595), np.float64(-3.1873377594731136), np.float64(-1.4351233167203195), np.float64(-4.606908097196865), np.float64(-10.877276273457271), np.float64(-9.655941494534058), np.float64(-2.964316908109666), np.float64(-6.3058284828782964), np.float64(-12.494696699248411), np.float64(-10.55268610596511), np.float64(-8.196326672738993), np.float64(-6.473211921183218), np.float64(-2.996889797611072), np.float64(-4.131385394211345), np.float64(-5.40152325425975), np.float64(2.478553082380783), np.float64(10.529333400890776), np.float64(5.442536702638721), np.float64(-2.0412557692852666), np.float64(2.947199280255692), np.float64(10.333153292218652), np.float64(8.896313147363317), np.float64(2.1833368053253728), np.float64(-0.8600909221133366), np.float64(3.3865179302491812), np.float64(9.21467713448439), np.float64(6.9989821470294595), np.float64(-4.1932504380207565), np.float64(-8.5559339573642), np.float64(2.450867001402962), np.float64(10.554230875316327), np.float64(0.2936202757646753), np.float64(-11.415869355194863), np.float64(-3.2754178278311854), np.float64(12.690067775206794), np.float64(11.662525531968615)]","[np.float64(5.257577164793664), np.float64(5.175312107215287), np.float64(5.361010344257179), np.float64(6.2190440693335995), np.float64(6.862530903236934), np.float64(7.176580599606877), np.float64(7.569766644572949), np.float64(7.948919315737355), np.float64(8.547431203050081), np.float64(8.251859404990402), np.float64(8.532996587844375), np.float64(8.989743741317646), np.float64(8.44981874600173), np.float64(8.218806476800756), np.float64(8.198271549945783), np.float64(7.751940788759694), np.float64(7.119465995215209), np.float64(6.411498247913173), np.float64(6.362123304649601), np.float64(5.965522694923292), np.float64(4.9350902268451495), np.float64(4.941059134795187), np.float64(4.120689595996701), np.float64(3.0532617391422274), np.float64(3.271780511700916), np.float64(3.718721312697109), np.float64(3.6940551594278217), np.float64(3.2457874929078154), np.float64(3.13948193190645), np.float64(3.323159712461349), np.float64(3.1059809026621767), np.float64(3.1657429794798695), np.float64(3.475131237075133), np.float64(3.3577311967053025), np.float64(3.2502101428971746), np.float64(2.9756285299816096), np.float64(2.923565791719739), np.float64(2.591226929948028), np.float64(2.4075134727031213), np.float64(2.5763256387160975)]"
40,24,0.95,11.229066511583378,9.59413925830996,"[np.float64(3.285336417664988), np.float64(2.05730938719065), np.float64(-2.566778752989729), np.float64(-4.624917152520734), np.float64(-8.336661785249175), np.float64(-11.27106881392537), np.float64(-8.409605622447492), np.float64(-5.794390758007463), np.float64(-6.97637848312757), np.float64(-8.364784514020096), np.float64(-5.967720326549203), np.float64(-7.211874962130065), np.float64(-1.8734837812531144), np.float64(-1.945014193538332), np.float64(-4.029001547049111), np.float64(-2.1502020077398765), np.float64(7.783277172983318), np.float64(7.8133704480586434), np.float64(-5.033544740782103), np.float64(-7.115977084402309), np.float64(-1.632992356121831), np.float64(-1.2699866336210786), np.float64(-0.8054395783497978), np.float64(2.087373694333231), np.float64(-5.674434170333205), np.float64(1.0576741517636652), np.float64(16.117406052811738), np.float64(8.937757051471571), np.float64(-8.667033407239828), np.float64(3.0063139053700842), np.float64(20.93605754075693), np.float64(16.50323708616951), np.float64(10.269577015635816), np.float64(11.825525602758255), np.float64(5.083237172212249), np.float64(7.0775020071731864), np.float64(23.075273006665235), np.float64(1.8720920061533228), np.float64(-17.93067360438461), np.float64(13.01736856186341)]","[np.float64(5.257577164793664), np.float64(5.175312107215287), np.float64(5.361010344257179), np.float64(6.2190440693335995), np.float64(6.862530903236934), np.float64(7.176580599606877), np.float64(7.569766644572949), np.float64(7.948919315737355), np.float64(8.547431203050081), np.float64(8.251859404990402), np.float64(8.532996587844375), np.float64(8.989743741317646), np.float64(8.44981874600173), np.float64(8.218806476800756), np.float64(8.198271549945783), np.float64(7.751940788759694), np.float64(7.119465995215209), np.float64(6.411498247913173), np.float64(6.362123304649601), np.float64(5.965522694923292), np.float64(4.9350902268451495), np.float64(4.941059134795187), np.float64(4.120689595996701), np.float64(3.0532617391422274), np.float64(3.271780511700916), np.float64(3.718721312697109), np.float64(3.6940551594278217), np.float64(3.2457874929078154), np.float64(3.13948193190645), np.float64(3.323159712461349), np.float64(3.1059809026621767), np.float64(3.1657429794798695), np.float64(3.475131237075133), np.float64(3.3577311967053025), np.float64(3.2502101428971746), np.float64(2.9756285299816096), np.float64(2.923565791719739), np.float64(2.591226929948028), np.float64(2.4075134727031213), np.float64(2.5763256387160975)]"
52,1,0.95,3.572444586509614,2.8273268757193497,"[np.float64(0.3180134516235675), np.float64(0.439923599332034), np.float64(0.5851529542156545), np.float64(0.7252042387134104), np.float64(0.8594362308948602), np.float64(0.983533829080093), np.float64(1.0975966032827613), np.float64(1.2015631170577616), np.float64(1.2960416870738058), np.float64(1.3816538852901685), np.float64(1.4590980572040164), np.float64(1.529048619464796), np.float64(1.5921555707854134), np.float64(1.64902852941727), np.float64(1.7002358911135886), np.float64(1.7463034134718556), np.float64(1.787715441068908), np.float64(1.824916470819065), np.float64(1.8583132701377725), np.float64(1.8882771423901503), np.float64(1.9151462910660058), np.float64(1.9392281812567824), np.float64(1.9608018579754078), np.float64(1.980120185266956), np.float64(1.997411985695322), np.float64(2.012884066229159), np.float64(2.0267231229250275), np.float64(2.03909752091865), np.float64(2.050158949496622), np.float64(2.060043954341251), np.float64(2.0688753507411444), np.float64(2.076763522739827), np.float64(2.0838076139828727), np.float64(2.0900966165038617), np.float64(2.0957103639337307), np.float64(2.100720435682392), np.float64(2.105190978571138), np.float64(2.109179452225093), np.float64(2.1127373042952073), np.float64(2.115910581291411), np.float64(2.118740480490081), np.float64(2.121263848043466), np.float64(2.1235136280766165), np.float64(2.125519267216495), np.float64(2.1273070786641766), np.float64(2.1289005695985423), np.float64(2.1303207353915994), np.float64(2.131586323823407), np.float64(2.1327140722097346), np.float64(2.1337189200984965), np.float64(2.1346141999518733), np.float64(2.135411808009448)]","[np.float64(1.251895475543966), np.float64(1.3932651034784689), np.float64(1.529081847865152), np.float64(1.4892953242600384), np.float64(1.454375765588851), np.float64(1.5999751821590653), np.float64(1.5033058809882756), np.float64(1.8064471275289182), np.float64(2.1847974510696573), np.float64(3.332171218283956), np.float64(4.926362527750846), np.float64(5.315092372103146), np.float64(5.257577164793664), np.float64(5.175312107215287), np.float64(5.361010344257179), np.float64(6.2190440693335995), np.float64(6.862530903236934), np.float64(7.176580599606877), np.float64(7.569766644572949), np.float64(7.948919315737355), np.float64(8.547431203050081), np.float64(8.251859404990402), np.float64(8.532996587844375), np.float64(8.989743741317646), np.float64(8.44981874600173), np.float64(8.218806476800756), np.float64(8.198271549945783), np.float64(7.751940788759694), np.float64(7.119465995215209), np.float64(6.411498247913173), np.float64(6.362123304649601), np.float64(5.965522694923292), np.float64(4.9350902268451495), np.float64(4.941059134795187), np.float64(4.120689595996701), np.float64(3.0532617391422274), np.float64(3.271780511700916), np.float64(3.718721312697109), np.float64(3.6940551594278217), np.float64(3.2457874929078154), np.float64(3.13948193190645), np.float64(3.323159712461349), np.float64(3.1059809026621767), np.float64(3.1657429794798695), np.float64(3.475131237075133), np.float64(3.3577311967053025), np.float64(3.2502101428971746), np.float64(2.9756285299816096), np.float64(2.923565791719739), np.float64(2.591226929948028), np.float64(2.4075134727031213), np.float64(2.5763256387160975)]"
52,2,0.95,3.320329628958951,2.6139736267007967,"[np.float64(-0.12539051822042063), np.float64(-0.04329811515715129), np.float64(0.25313134461964326), np.float64(0.5664632998012507), np.float64(0.8732686291493865), np.float64(1.155246403121766), np.float64(1.3971198951757722), np.float64(1.6036670496005416), np.float64(1.7790343949459368), np.float64(1.9237955682319603), np.float64(2.041987224548754), np.float64(2.1369586096292124), np.float64(2.2111447873723735), np.float64(2.2674466674786986), np.float64(2.3085569437567104), np.float64(2.3367980080887403), np.float64(2.3544033855830295), np.float64(2.3633883016727673), np.float64(2.365505865966991), np.float64(2.362308590428269), np.float64(2.3551377717537587), np.float64(2.3451249446632976), np.float64(2.3332189017204215), np.float64(2.320199806010989), np.float64(2.3066944098675832), np.float64(2.293196307830419), np.float64(2.280083101035192), np.float64(2.267632496235612), np.float64(2.256038333470139), np.float64(2.245424844929895), np.float64(2.235859416701629), np.float64(2.227364132209073), np.float64(2.2199258150448182), np.float64(2.2135046719417826), np.float64(2.208041687398904), np.float64(2.2034648094835108), np.float64(2.1996940390855992), np.float64(2.1966455519271526), np.float64(2.1942349565355093), np.float64(2.1923797994521133), np.float64(2.1910014275064253), np.float64(2.190026304620643), np.float64(2.1893868742775435), np.float64(2.1890220510147342), np.float64(2.1888774142115586), np.float64(2.1889051687381205), np.float64(2.1890639286044307), np.float64(2.1893183713326154), np.float64(2.189638803194012), np.float64(2.1900006685556663), np.float64(2.1903840302908497), np.float64(2.1907730426752567)]","[np.float64(1.251895475543966), np.float64(1.3932651034784689), np.float64(1.529081847865152), np.float64(1.4892953242600384), np.float64(1.454375765588851), np.float64(1.5999751821590653), np.float64(1.5033058809882756), np.float64(1.8064471275289182), np.float64(2.1847974510696573), np.float64(3.332171218283956), np.float64(4.926362527750846), np.float64(5.315092372103146), np.float64(5.257577164793664), np.float64(5.175312107215287), np.float64(5.361010344257179), np.float64(6.2190440693335995), np.float64(6.862530903236934), np.float64(7.176580599606877), np.float64(7.569766644572949), np.float64(7.948919315737355), np.float64(8.547431203050081), np.float64(8.251859404990402), np.float64(8.532996587844375), np.float64(8.989743741317646), np.float64(8.44981874600173), np.float64(8.218806476800756), np.float64(8.198271549945783), np.float64(7.751940788759694), np.float64(7.119465995215209), np.float64(6.411498247913173), np.float64(6.362123304649601), np.float64(5.965522694923292), np.float64(4.9350902268451495), np.float64(4.941059134795187), np.float64(4.120689595996701), np.float64(3.0532617391422274), np.float64(3.271780511700916), np.float64(3.718721312697109), np.float64(3.6940551594278217), np.float64(3.2457874929078154), np.float64(3.13948193190645), np.float64(3.323159712461349), np.float64(3.1059809026621767), np.float64(3.1657429794798695), np.float64(3.475131237075133), np.float64(3.3577311967053025), np.float64(3.2502101428971746), np.float64(2.9756285299816096), np.float64(2.923565791719739), np.float64(2.591226929948028), np.float64(2.4075134727031213), np.float64(2.5763256387160975)]"
52,4,0.95,3.328894254596128,2.5955147536082563,"[np.float64(-0.11877753345242942), np.float64(0.23854802867480618), np.float64(0.6388036563169321), np.float64(0.9019924904905343), np.float64(1.156061863938544), np.float64(1.418362771580635), np.float64(1.565437378968877), np.float64(1.6728116535280197), np.float64(1.8005714922882883), np.float64(1.9141887779936535), np.float64(1.9992067504466224), np.float64(2.0713353726956796), np.float64(2.134323477068454), np.float64(2.185739354091404), np.float64(2.225271808730023), np.float64(2.2555583348967945), np.float64(2.279077255100116), np.float64(2.2963260606362894), np.float64(2.3079479529154105), np.float64(2.3149578397682657), np.float64(2.3180661947774417), np.float64(2.3179209919613752), np.float64(2.3152086606273787), np.float64(2.3104602010328317), np.float64(2.3041266343554896), np.float64(2.296626907500227), np.float64(2.2883283990158425), np.float64(2.279538814298179), np.float64(2.270512565388621), np.float64(2.2614645127045376), np.float64(2.252573256208687), np.float64(2.2439800227620763), np.float64(2.235794216391258), np.float64(2.2280978775064337), np.float64(2.2209482133630902), np.float64(2.2143815307194776), np.float64(2.2084164538471476), np.float64(2.2030564804898245), np.float64(2.198292679891361), np.float64(2.194106223134599), np.float64(2.190470551174638), np.float64(2.1873532848455945), np.float64(2.184717912788632), np.float64(2.1825252767440615), np.float64(2.180734836070139), np.float64(2.1793057174829635), np.float64(2.1781975850508157), np.float64(2.1773713400600974), np.float64(2.176789664949377), np.float64(2.1764174335132016), np.float64(2.1762220008808555), np.float64(2.176173388673591)]","[np.float64(1.251895475543966), np.float64(1.3932651034784689), np.float64(1.529081847865152), np.float64(1.4892953242600384), np.float64(1.454375765588851), np.float64(1.5999751821590653), np.float64(1.5033058809882756), np.float64(1.8064471275289182), np.float64(2.1847974510696573), np.float64(3.332171218283956), np.float64(4.926362527750846), np.float64(5.315092372103146), np.float64(5.257577164793664), np.float64(5.175312107215287), np.float64(5.361010344257179), np.float64(6.2190440693335995), np.float64(6.862530903236934), np.float64(7.176580599606877), np.float64(7.569766644572949), np.float64(7.948919315737355), np.float64(8.547431203050081), np.float64(8.251859404990402), np.float64(8.532996587844375), np.float64(8.989743741317646), np.float64(8.44981874600173), np.float64(8.218806476800756), np.float64(8.198271549945783), np.float64(7.751940788759694), np.float64(7.119465995215209), np.float64(6.411498247913173), np.float64(6.362123304649601), np.float64(5.965522694923292), np.float64(4.9350902268451495), np.float64(4.941059134795187), np.float64(4.120689595996701), np.float64(3.0532617391422274), np.float64(3.271780511700916), np.float64(3.718721312697109), np.float64(3.6940551594278217), np.float64(3.2457874929078154), np.float64(3.13948193190645), np.float64(3.323159712461349), np.float64(3.1059809026621767), np.float64(3.1657429794798695), np.float64(3.475131237075133), np.float64(3.3577311967053025), np.float64(3.2502101428971746), np.float64(2.9756285299816096), np.float64(2.923565791719739), np.float64(2.591226929948028), np.float64(2.4075134727031213), np.float64(2.5763256387160975)]"
52,6,0.95,3.197416843318764,2.499044084485241,"[np.float64(-0.005947240427145686), np.float64(0.388566837150359), np.float64(0.5635414296133393), np.float64(0.6353870708217307), np.float64(0.8891727197831982), np.float64(1.2552467959768379), np.float64(1.4672013539828903), np.float64(1.6978298987522091), np.float64(1.870673044189337), np.float64(1.9632446249642594), np.float64(2.0635621963472515), np.float64(2.186069902302265), np.float64(2.2493965403625666), np.float64(2.3080722837890244), np.float64(2.3663200222681344), np.float64(2.4052664569743802), np.float64(2.4408874970451935), np.float64(2.4728084295288855), np.float64(2.4906780709435736), np.float64(2.506342144673881), np.float64(2.522838651061742), np.float64(2.5333499510983524), np.float64(2.538837867034381), np.float64(2.5400097608256), np.float64(2.537970647952037), np.float64(2.5323620887989136), np.float64(2.5239084231771263), np.float64(2.512876873386372), np.float64(2.4991558342061886), np.float64(2.4834002794929297), np.float64(2.4663755987938694), np.float64(2.44761342195391), np.float64(2.4275986289901375), np.float64(2.4070612732598047), np.float64(2.385972898585984), np.float64(2.364673359744356), np.float64(2.343575412098486), np.float64(2.322756076579838), np.float64(2.3024506448769575), np.float64(2.2829588536285854), np.float64(2.2643409264507928), np.float64(2.2467375702578245), np.float64(2.230303247746406), np.float64(2.2151015726853576), np.float64(2.201183971595763), np.float64(2.188605320420542), np.float64(2.177371898429318), np.float64(2.167479057690494), np.float64(2.158913793233001), np.float64(2.1516422207758255), np.float64(2.1456146612656894), np.float64(2.1407755481835777)]","[np.float64(1.251895475543966), np.float64(1.3932651034784689), np.float64(1.529081847865152), np.float64(1.4892953242600384), np.float64(1.454375765588851), np.float64(1.5999751821590653), np.float64(1.5033058809882756), np.float64(1.8064471275289182), np.float64(2.1847974510696573), np.float64(3.332171218283956), np.float64(4.926362527750846), np.float64(5.315092372103146), np.float64(5.257577164793664), np.float64(5.175312107215287), np.float64(5.361010344257179), np.float64(6.2190440693335995), np.float64(6.862530903236934), np.float64(7.176580599606877), np.float64(7.569766644572949), np.float64(7.948919315737355), np.float64(8.547431203050081), np.float64(8.251859404990402), np.float64(8.532996587844375), np.float64(8.989743741317646), np.float64(8.44981874600173), np.float64(8.218806476800756), np.float64(8.198271549945783), np.float64(7.751940788759694), np.float64(7.119465995215209), np.float64(6.411498247913173), np.float64(6.362123304649601), np.float64(5.965522694923292), np.float64(4.9350902268451495), np.float64(4.941059134795187), np.float64(4.120689595996701), np.float64(3.0532617391422274), np.float64(3.271780511700916), np.float64(3.718721312697109), np.float64(3.6940551594278217), np.float64(3.2457874929078154), np.float64(3.13948193190645), np.float64(3.323159712461349), np.float64(3.1059809026621767), np.float64(3.1657429794798695), np.float64(3.475131237075133), np.float64(3.3577311967053025), np.float64(3.2502101428971746), np.float64(2.9756285299816096), np.float64(2.923565791719739), np.float64(2.591226929948028), np.float64(2.4075134727031213), np.float64(2.5763256387160975)]"
52,12,0.95,3.020379251944855,2.381669727932714,"[np.float64(0.0017155826211858183), np.float64(0.6163047562810887), np.float64(0.9237878374430744), np.float64(0.933134574842633), np.float64(1.227094732282372), np.float64(1.6320551095258131), np.float64(1.811286414235737), np.float64(2.0030539131379412), np.float64(2.1962715888768662), np.float64(2.090541876963034), np.float64(2.311523864956629), np.float64(2.9513568635166347), np.float64(3.348114969581209), np.float64(3.177300302061274), np.float64(3.0959269075450186), np.float64(3.1165602092767237), np.float64(3.013166511541701), np.float64(2.9585708419835415), np.float64(2.96578278948816), np.float64(2.894272206312668), np.float64(2.8495169534470364), np.float64(2.956788045043334), np.float64(2.9641762872837187), np.float64(2.780685170109157), np.float64(2.596922758208833), np.float64(2.5588136852010406), np.float64(2.5619766612628445), np.float64(2.5963724974747904), np.float64(2.6339096982806702), np.float64(2.578309641561169), np.float64(2.524971973480537), np.float64(2.517211714624207), np.float64(2.4623219161093437), np.float64(2.3299730216166306), np.float64(2.2383419238577233), np.float64(2.2071808799632535), np.float64(2.200656382378821), np.float64(2.188269584187708), np.float64(2.1527743178751404), np.float64(2.0748390405860064), np.float64(1.99618355804546), np.float64(1.9768171851831562), np.float64(1.9630676739038175), np.float64(1.9289165615625148), np.float64(1.9131750092967021), np.float64(1.9332276590345892), np.float64(1.9543541747131288), np.float64(1.963509462883397), np.float64(1.9586669839370783), np.float64(1.9432526642180379), np.float64(1.941101233197632), np.float64(1.9637795511138725)]","[np.float64(1.251895475543966), np.float64(1.3932651034784689), np.float64(1.529081847865152), np.float64(1.4892953242600384), np.float64(1.454375765588851), np.float64(1.5999751821590653), np.float64(1.5033058809882756), np.float64(1.8064471275289182), np.float64(2.1847974510696573), np.float64(3.332171218283956), np.float64(4.926362527750846), np.float64(5.315092372103146), np.float64(5.257577164793664), np.float64(5.175312107215287), np.float64(5.361010344257179), np.float64(6.2190440693335995), np.float64(6.862530903236934), np.float64(7.176580599606877), np.float64(7.569766644572949), np.float64(7.948919315737355), np.float64(8.547431203050081), np.float64(8.251859404990402), np.float64(8.532996587844375), np.float64(8.989743741317646), np.float64(8.44981874600173), np.float64(8.218806476800756), np.float64(8.198271549945783), np.float64(7.751940788759694), np.float64(7.119465995215209), np.float64(6.411498247913173), np.float64(6.362123304649601), np.float64(5.965522694923292), np.float64(4.9350902268451495), np.float64(4.941059134795187), np.float64(4.120689595996701), np.float64(3.0532617391422274), np.float64(3.271780511700916), np.float64(3.718721312697109), np.float64(3.6940551594278217), np.float64(3.2457874929078154), np.float64(3.13948193190645), np.float64(3.323159712461349), np.float64(3.1059809026621767), np.float64(3.1657429794798695), np.float64(3.475131237075133), np.float64(3.3577311967053025), np.float64(3.2502101428971746), np.float64(2.9756285299816096), np.float64(2.923565791719739), np.float64(2.591226929948028), np.float64(2.4075134727031213), np.float64(2.5763256387160975)]"
52,24,0.95,3.9472464352299887,3.5727216089950766,"[np.float64(-0.3552348710135089), np.float64(-0.15780559016313062), np.float64(-0.5537422463802724), np.float64(-0.934269478789294), np.float64(-0.7905111709918455), np.float64(-0.4720280091319268), np.float64(-0.48973276652109), np.float64(-0.5379194223978095), np.float64(-0.6765981768167655), np.float64(-0.7910630819093486), np.float64(-0.3621643105650796), np.float64(0.9426195681983875), np.float64(1.7081173024608747), np.float64(1.4109120095638104), np.float64(1.455848555427262), np.float64(1.6292918222036534), np.float64(1.3629324523843067), np.float64(1.352459335951198), np.float64(1.284753153923432), np.float64(1.247882230825216), np.float64(1.7613764480733594), np.float64(2.3778735030301084), np.float64(2.4781318860437636), np.float64(2.108821487273931), np.float64(1.8281181945896186), np.float64(1.9586420429607172), np.float64(2.2206194364156513), np.float64(2.5647629825801466), np.float64(2.7685512756123143), np.float64(2.505833802769185), np.float64(2.470684635774827), np.float64(2.4780679034304014), np.float64(1.9998803481603038), np.float64(1.1830106625914218), np.float64(0.6872919588345637), np.float64(0.4537181401589525), np.float64(0.5045791297416096), np.float64(0.6972149078979495), np.float64(0.7488013614217492), np.float64(0.717947691993775), np.float64(0.7269474867476857), np.float64(0.9536814840816583), np.float64(1.0542663495422808), np.float64(1.016533122482275), np.float64(1.026078687038735), np.float64(1.2891209164488293), np.float64(1.429491063985758), np.float64(1.6056153106346196), np.float64(1.509203931492377), np.float64(1.0950720100135065), np.float64(0.707685257259641), np.float64(0.4455344134711454)]","[np.float64(1.251895475543966), np.float64(1.3932651034784689), np.float64(1.529081847865152), np.float64(1.4892953242600384), np.float64(1.454375765588851), np.float64(1.5999751821590653), np.float64(1.5033058809882756), np.float64(1.8064471275289182), np.float64(2.1847974510696573), np.float64(3.332171218283956), np.float64(4.926362527750846), np.float64(5.315092372103146), np.float64(5.257577164793664), np.float64(5.175312107215287), np.float64(5.361010344257179), np.float64(6.2190440693335995), np.float64(6.862530903236934), np.float64(7.176580599606877), np.float64(7.569766644572949), np.float64(7.948919315737355), np.float64(8.547431203050081), np.float64(8.251859404990402), np.float64(8.532996587844375), np.float64(8.989743741317646), np.float64(8.44981874600173), np.float64(8.218806476800756), np.float64(8.198271549945783), np.float64(7.751940788759694), np.float64(7.119465995215209), np.float64(6.411498247913173), np.float64(6.362123304649601), np.float64(5.965522694923292), np.float64(4.9350902268451495), np.float64(4.941059134795187), np.float64(4.120689595996701), np.float64(3.0532617391422274), np.float64(3.271780511700916), np.float64(3.718721312697109), np.float64(3.6940551594278217), np.float64(3.2457874929078154), np.float64(3.13948193190645), np.float64(3.323159712461349), np.float64(3.1059809026621767), np.float64(3.1657429794798695), np.float64(3.475131237075133), np.float64(3.3577311967053025), np.float64(3.2502101428971746), np.float64(2.9756285299816096), np.float64(2.923565791719739), np.float64(2.591226929948028), np.float64(2.4075134727031213), np.float64(2.5763256387160975)]"
